termo;variavel;categoria;referencia;unidade;escala_numerica;centro;imputados;mediana_imputacao;beta_log_odds;erro_padrao_cluster;z;p_valor;beta_ic95_inferior;beta_ic95_superior;odds_ratio;or_ic95_inferior;or_ic95_superior;significativo_5pct
const;Intercepto;;;"intercepto; numericas centradas";1.0;0.0;0;;-2.320532780399589;0.05408485167776054;-42.9054108204901;0.0;-2.42653714179719;-2.214528419001988;0.09822124130939958;0.08834222010190007;0.10920500111080866;True
valor_cotado_log;valor_cotado_log;;;log(1 + valor cotado);1.0;3.5901418168741475;16;3.260401571696699;0.004547367793071794;0.008925476885887292;0.5094817734906648;0.6104145708356998;-0.012946245448112017;0.022040981034255606;1.0045577227599924;0.9871371967117822;1.0222856779364;False
descricao_tam_caracteres;descricao_tam_caracteres;;;100 caracteres adicionais;100.0;152.0835210975331;0;66.0;0.029890584452103918;0.024276627976422067;1.231249433864301;0.21822958776195078;-0.017690732047760827;0.07747190095196867;1.0303417923740557;0.9824648302646041;1.0805518695530945;False
descricao_qtd_palavras;descricao_qtd_palavras;;;10 palavras adicionais;10.0;23.265825651591808;0;11.0;-0.017258707303352418;0.018829113365597405;-0.9165969192625782;0.3593538993233377;-0.0541630913607451;0.01964567675404026;0.9828893710812551;0.9472776011099251;1.0198399230094315;False
qtd_itens_lote;qtd_itens_lote;;;10 itens adicionais no lote;10.0;29.01359275867481;0;1.0;-0.018896243943678396;0.01448393536741232;-1.304634649654224;0.19201728375597416;-0.04728423561821246;0.009491747730855666;0.9812811708255137;0.9538162505057435;1.0095369372309648;False
InfoReq;InfoReq;;;exigencia de informacao: 1 versus 0;1.0;0.02287510441585583;0;0.0;-0.12445143360230114;0.24709444369550249;-0.5036593771232839;0.6145007594130616;-0.6087476440254462;0.3598447768208439;0.8829811435384411;0.5440317640541193;1.433106945878429;False
ArqReq;ArqReq;;;exigencia de arquivo: 1 versus 0;1.0;0.021237105366000618;0;0.0;0.04545906162179676;0.34475643577195664;0.13185848589021326;0.8950962253010721;-0.6302511359296346;0.7211692591732282;1.0465081613900848;0.5324580648635138;2.056836780445397;False
Regiao[Centro-Oeste];Regiao;Centro-Oeste;Sudeste;categoria versus referencia;1.0;0.0;0;;-0.26339756745919174;0.07649414407990718;-3.443369039910321;0.000574514764915402;-0.4133233348840276;-0.11347180003435589;0.7684363312938495;0.661448378913527;0.8927293709938137;True
Regiao[Nordeste];Regiao;Nordeste;Sudeste;categoria versus referencia;1.0;0.0;0;;-0.6941711322558365;0.15720951094441937;-4.415579745052812;1.0073963272866972e-05;-1.0022961117340539;-0.38604615277761906;0.49948828618188035;0.3670357178820088;0.6797391531063887;True
Regiao[Norte];Regiao;Norte;Sudeste;categoria versus referencia;1.0;0.0;0;;-1.1700986432430467;0.33737696085115687;-3.4682233199654315;0.0005239117121688667;-1.8313453357248939;-0.5088519507611995;0.3103363271738256;0.1601979027751299;0.6011853731876148;True
Regiao[Sul];Regiao;Sul;Sudeste;categoria versus referencia;1.0;0.0;0;;-0.1749475722065337;0.06436722877595062;-2.7179602964653182;0.006568571969747195;-0.3011050223920471;-0.04879012202102029;0.8395010328022329;0.740000052089989;0.9523809925222977;True
Modalidade[CONCORRÊNCIA ELETRÔNICA];Modalidade;CONCORRÊNCIA ELETRÔNICA;PREGÃO ELETRÔNICO;categoria versus referencia;1.0;0.0;0;;-0.3963913347686581;0.43226429082877466;-0.9170115209115752;0.3591366030288621;-1.243613776595804;0.4508311070584878;0.6727433765441038;0.2883403353403576;1.5696161626146792;False
Modalidade[CREDENCIAMENTO];Modalidade;CREDENCIAMENTO;PREGÃO ELETRÔNICO;categoria versus referencia;1.0;0.0;0;;0.9797498595222032;0.43369779719616436;2.2590611846687705;0.023879579192387552;0.1297177968433646;1.8297819222010419;2.6637898369229003;1.1385070477030776;6.232527334467858;True
Modalidade[DISPENSA ELETRÔNICA];Modalidade;DISPENSA ELETRÔNICA;PREGÃO ELETRÔNICO;categoria versus referencia;1.0;0.0;0;;0.6911821208670922;0.08874666525021914;7.7882602001812735;6.793816255170122e-15;0.5172418532286304;0.865122388505554;1.9960737395457995;1.6773947625958259;2.3752967772109264;True
Modalidade[LEILÃO ELETRÔNICO];Modalidade;LEILÃO ELETRÔNICO;PREGÃO ELETRÔNICO;categoria versus referencia;1.0;0.0;0;;0.6388676475449119;0.7746516221446464;0.8247160778882608;0.409532801554933;-0.8794216324241256;2.1571569275139493;1.8943346099212786;0.41502287805642074;8.646519997044015;False
Modalidade[LICITAÇÃO 13.303];Modalidade;LICITAÇÃO 13.303;PREGÃO ELETRÔNICO;categoria versus referencia;1.0;0.0;0;;0.16552438273545772;0.3458443730788803;0.4786094429175659;0.6322164993262149;-0.5123181327549815;0.8433668982258968;1.1800117342826477;0.5991051625491854;2.324179092565283;False
Modalidade[SELEÇÃO PÚBLICA];Modalidade;SELEÇÃO PÚBLICA;PREGÃO ELETRÔNICO;categoria versus referencia;1.0;0.0;0;;0.7300905306608646;0.30195283729073713;2.417895911201167;0.015610541581644603;0.13827384454133684;1.3219072167803922;2.0752684745966126;1.14828996015996;3.750567705960444;True
TipoDisputa[MAIOR DESCONTO];TipoDisputa;MAIOR DESCONTO;MENOR LANCE;categoria versus referencia;1.0;0.0;0;;-1.0757674403922997;0.2142271240012306;-5.021621073464629;5.123719001973741e-07;-1.4956448879463078;-0.6558899928382915;0.3410359300982431;0.22410403612865293;0.5189799685321396;True
TipoDisputa[MAIOR LANCE];TipoDisputa;MAIOR LANCE;MENOR LANCE;categoria versus referencia;1.0;0.0;0;;2.128672492491765;0.48068684115524113;4.428397680651915;9.493573709755008e-06;1.1865435959851665;3.0708013889983636;8.403703423946917;3.275739339032004;21.559173038025158;True
TipoDisputa[MELHOR TÉCNICA];TipoDisputa;MELHOR TÉCNICA;MENOR LANCE;categoria versus referencia;1.0;0.0;0;;0.7852388612641878;0.8999992062609482;0.872488393102553;0.38294199743517965;-0.9787271691219062;2.549204891650282;2.1929306843752374;0.3757891105564025;12.796924794745136;False
TipoDisputa[MELHOR TÉCNICA E PREÇO];TipoDisputa;MELHOR TÉCNICA E PREÇO;MENOR LANCE;categoria versus referencia;1.0;0.0;0;;-0.6699056357924558;0.6599315619394411;-1.0151138003215097;0.3100515839740118;-1.9633477294550243;0.6235364578701128;0.5117568670393315;0.14038765347702775;1.8655137006386902;False
TipoEncerramento[ABERTO E FECHADO];TipoEncerramento;ABERTO E FECHADO;ABERTO;categoria versus referencia;1.0;0.0;0;;0.18437566505056546;0.06977206798682072;2.642542644506284;0.008228610239989529;0.04762492466951679;0.32112640543161414;1.2024674632586663;1.048777211084418;1.378679842500264;True
TipoEncerramento[FECHADO];TipoEncerramento;FECHADO;ABERTO;categoria versus referencia;1.0;0.0;0;;0.9470814761914784;0.18878182562029902;5.0168043087811;5.253803229060805e-07;0.5770758970399714;1.3170870553429854;2.5781742056624344;1.7808234987029128;3.732532864477892;True
TipoEncerramento[FECHADO E ABERTO];TipoEncerramento;FECHADO E ABERTO;ABERTO;categoria versus referencia;1.0;0.0;0;;-0.7135057639883808;0.37818103048769763;-1.8866778248191152;0.059203672046075004;-1.4547269633805122;0.027715435403750655;0.4899236266581955;0.2334640994481713;1.0281030810529572;False
TipoLance[GLOBAL];TipoLance;GLOBAL;UNITÁRIO;categoria versus referencia;1.0;0.0;0;;0.48593272686580996;0.11007468099368578;4.414573110538331;1.0120950822135146e-05;0.2701903165084502;0.7016751372231698;1.6256906272288687;1.3102137823189106;2.017128846547661;True
TipoLance[KIT];TipoLance;KIT;UNITÁRIO;categoria versus referencia;1.0;0.0;0;;0.27205962887084506;0.28346969245229675;0.9597485590690729;0.33718177758155843;-0.2835307590443022;0.8276500167859924;1.3126652717254474;0.7531199565336825;2.2879358070987186;False
tipo_lote_calc[Lote global];tipo_lote_calc;Lote global;Lote unitário;categoria versus referencia;1.0;0.0;0;;-0.6413632289049997;0.14626395562784666;-4.384971171823641;1.1600113977795296e-05;-0.9280353141719437;-0.35469114363805576;0.5265740935049272;0.3953296464404821;0.701390038534034;True
tipo_lote_calc[Lote global/kit];tipo_lote_calc;Lote global/kit;Lote unitário;categoria versus referencia;1.0;0.0;0;;-0.34876962237791137;0.18954599846006306;-1.8400263007999949;0.065764376095966;-0.7202729527733196;0.0227337080174968;0.7055556557823454;0.4866194137124425;1.0229940881491937;False
grupo_exclusividade_regionalidade[ME_EPP_E_REGIONAL_LOCAL];grupo_exclusividade_regionalidade;ME_EPP_E_REGIONAL_LOCAL;SEM_CRITERIO;categoria versus referencia;1.0;0.0;0;;0.03454046854675157;0.1785899430177874;0.1934065712945066;0.8466405694479775;-0.31548938776917224;0.3845703248626754;1.0351439182985487;0.7294318118980165;1.4689830003469666;False
grupo_exclusividade_regionalidade[SOMENTE_ME_EPP];grupo_exclusividade_regionalidade;SOMENTE_ME_EPP;SEM_CRITERIO;categoria versus referencia;1.0;0.0;0;;0.18120799034868068;0.0673943783450222;2.688770114044161;0.0071715788350231085;0.04911743603197105;0.3132985446653903;1.1986644640077138;1.0503436916929085;1.3679298582344217;True
grupo_exclusividade_regionalidade[SOMENTE_REGIONAL_LOCAL];grupo_exclusividade_regionalidade;SOMENTE_REGIONAL_LOCAL;SEM_CRITERIO;categoria versus referencia;1.0;0.0;0;;-0.028608319360011018;0.3491799247207695;-0.08193002327636212;0.9347023595676653;-0.7129883959371265;0.6557717572171043;0.971797024013141;0.49017716307034753;1.926628833471917;False
familia_textual_ml[FAMILIAS_RARAS_MENOS_100];familia_textual_ml;FAMILIAS_RARAS_MENOS_100;FAMILIA_13;categoria versus referencia;1.0;0.0;0;;-0.7251087398929514;0.478369334500815;-1.5157926890309816;0.12957178129329613;-1.6626954068229427;0.21247792703703983;0.4842719064168918;0.18962716827765724;1.2367388147739533;False
familia_textual_ml[FAMILIA_02];familia_textual_ml;FAMILIA_02;FAMILIA_13;categoria versus referencia;1.0;0.0;0;;0.38620198713468834;0.08114673875392832;4.75930386193114;1.942617954907906e-06;0.22715730171410817;0.5452466725552685;1.4713818410035522;1.2550272703548824;1.7250338484061927;True
familia_textual_ml[FAMILIA_05];familia_textual_ml;FAMILIA_05;FAMILIA_13;categoria versus referencia;1.0;0.0;0;;-0.0005700092642501319;0.2452610872192774;-0.0023240917289929124;0.9981456447609002;-0.48127290702317077;0.48013288849467056;0.9994301531601679;0.6179962391732315;1.6162891741575218;False
familia_textual_ml[FAMILIA_07];familia_textual_ml;FAMILIA_07;FAMILIA_13;categoria versus referencia;1.0;0.0;0;;-0.8800903072801598;0.30768885543792834;-2.86032559101805;0.004232062649710809;-1.4831493823828505;-0.27703123217746906;0.414745455456281;0.22692189799879514;0.7580308217876413;True
familia_textual_ml[FAMILIA_09];familia_textual_ml;FAMILIA_09;FAMILIA_13;categoria versus referencia;1.0;0.0;0;;1.4890102927486404;0.261656090172169;5.690715212357089;1.2650835189716908e-08;0.9761737796756244;2.0018468058216565;4.432706265789679;2.6542809242207017;7.402714859407733;True
familia_textual_ml[FAMILIA_10];familia_textual_ml;FAMILIA_10;FAMILIA_13;categoria versus referencia;1.0;0.0;0;;0.15996501881190037;0.09439961543595907;1.6945515940202218;0.09016051637002456;-0.025054827597010748;0.3449848652208115;1.1734698209052896;0.9752564395954113;1.411968549673724;False
familia_textual_ml[FAMILIA_12];familia_textual_ml;FAMILIA_12;FAMILIA_13;categoria versus referencia;1.0;0.0;0;;-0.5631080042189931;0.3516878221150572;-1.6011586663207469;0.10934178109786859;-1.2524034693658344;0.12618746092784816;0.5694364996637966;0.28581701821631145;1.1344948218022233;False
familia_textual_ml[FAMILIA_14];familia_textual_ml;FAMILIA_14;FAMILIA_13;categoria versus referencia;1.0;0.0;0;;1.9006703444006614;0.7926778500350652;2.3977840989458485;0.016494584271514467;0.3470503069892916;3.454290381812031;6.690377796709947;1.4148879023306158;31.63583135383268;True
familia_textual_ml[FAMILIA_16];familia_textual_ml;FAMILIA_16;FAMILIA_13;categoria versus referencia;1.0;0.0;0;;0.4380106705722414;0.39068476985596634;1.1211357707486849;0.26223007448660496;-0.32771740765377233;1.2037387487982552;1.5496214426788393;0.7205666175474166;3.3325532395372575;False
familia_textual_ml[FAMILIA_17];familia_textual_ml;FAMILIA_17;FAMILIA_13;categoria versus referencia;1.0;0.0;0;;-0.33327796192087944;0.41666182644093097;-0.7998764004077233;0.423782412222804;-1.149920135477783;0.48336421163602405;0.7165709870229835;0.3166620584331917;1.621520374065982;False
familia_textual_ml[FAMILIA_18];familia_textual_ml;FAMILIA_18;FAMILIA_13;categoria versus referencia;1.0;0.0;0;;-1.1321111952551721;0.337161226243701;-3.357773988035265;0.0007857282990608903;-1.792935055676187;-0.4712873348341573;0.32235198954077743;0.16647085071381978;0.6241981987557128;True
familia_textual_ml[FAMILIA_19];familia_textual_ml;FAMILIA_19;FAMILIA_13;categoria versus referencia;1.0;0.0;0;;-0.0553357720245711;0.16124140970603124;-0.3431858610356795;0.7314586407620671;-0.3713631278648595;0.2606915838157172;0.9461673980678755;0.6897934128653592;1.2978273327484995;False
