const;valor_cotado_log;descricao_tam_caracteres;descricao_qtd_palavras;qtd_itens_lote;InfoReq;ArqReq;Regiao[Centro-Oeste];Regiao[Nordeste];Regiao[Norte];Regiao[Sul];Modalidade[CONCORRÊNCIA ELETRÔNICA];Modalidade[CREDENCIAMENTO];Modalidade[DISPENSA ELETRÔNICA];Modalidade[LEILÃO ELETRÔNICO];Modalidade[LICITAÇÃO 13.303];Modalidade[SELEÇÃO PÚBLICA];TipoDisputa[MAIOR DESCONTO];TipoDisputa[MAIOR LANCE];TipoDisputa[MELHOR TÉCNICA];TipoDisputa[MELHOR TÉCNICA E PREÇO];TipoEncerramento[ABERTO E FECHADO];TipoEncerramento[FECHADO];TipoEncerramento[FECHADO E ABERTO];TipoLance[GLOBAL];TipoLance[KIT];tipo_lote_calc[Lote global];tipo_lote_calc[Lote global/kit];grupo_exclusividade_regionalidade[ME_EPP_E_REGIONAL_LOCAL];grupo_exclusividade_regionalidade[SOMENTE_ME_EPP];grupo_exclusividade_regionalidade[SOMENTE_REGIONAL_LOCAL];familia_textual_ml[FAMILIAS_RARAS_MENOS_100];familia_textual_ml[FAMILIA_02];familia_textual_ml[FAMILIA_05];familia_textual_ml[FAMILIA_07];familia_textual_ml[FAMILIA_09];familia_textual_ml[FAMILIA_10];familia_textual_ml[FAMILIA_12];familia_textual_ml[FAMILIA_14];familia_textual_ml[FAMILIA_16];familia_textual_ml[FAMILIA_17];familia_textual_ml[FAMILIA_18];familia_textual_ml[FAMILIA_19];termo
0.002925171181005357;1.5755241321263158e-05;-1.2345218517908918e-05;1.1098031401676032e-05;0.0004968849495759984;-0.0001445941597437609;0.000339305292764837;-0.0010357834332963582;-0.0015331703563190478;-0.0006640602165614054;-0.0008489500135501331;-0.007972151752655384;-0.00022863189245634111;-0.0001416295782665944;0.007850538570455715;1.2275343184534083e-05;-0.00021527016514803163;0.0002289047244978942;0.0003505416095750267;0.00720222133267827;0.0077263878421082064;-0.00030504598996255235;-0.000635181626496152;-0.0008856888097840328;-0.0003518742081024612;-0.0007672559870926197;-0.0024640597506531228;-0.0012645813355739027;-0.0011017360816149362;-0.0005114097448491844;-0.0008879788498933361;-0.0013483079862939204;-0.0004899600878806718;-4.8903254458279963e-05;-0.00038875356311414547;0.0009440357895424143;-0.0003184482556927901;-0.00033559037534420795;0.0001289243255624229;-0.0002435563228072059;0.0004637883025408329;-0.0005433967028776501;-0.0007930556517337949;const
1.575524132126291e-05;7.966413764050833e-05;7.144196558848811e-05;-6.011222438279274e-05;9.005740124501336e-06;4.3813587067237056e-05;-0.00022667228450369813;-3.726890134980635e-05;-0.00021437062163308908;-2.2293158442007468e-05;-0.0001362857287443633;-0.0010969875955312903;-8.234300402601209e-05;-0.0002489360286537845;-0.0006364508310741393;-2.9818784998312e-05;3.4440468573477676e-05;-0.00034274105992456133;-4.6529892757800216e-05;0.0010546236693743094;0.0004708391746051643;-6.650840504353747e-05;0.00010525966893205058;-0.00024192380166226953;-7.476374257284664e-05;5.8658287875089665e-05;0.00029393062232420966;0.0005586381925340059;0.0002216030419573428;0.00021956406296333938;0.00013771855906402283;-5.059768803966684e-05;5.629832820721642e-05;-0.00014562045434397944;5.1208872760845814e-05;0.00015780434548521717;5.7560277794921856e-05;-0.00014067890797928346;0.0036983403282364823;0.0018043403581567336;0.000447813090019396;2.1897439047503703e-05;2.9910353982783467e-05;valor_cotado_log
-1.234521851790883e-05;7.144196558848776e-05;0.0005893546659055986;-0.0004541588099080989;-3.114079909560171e-05;-0.00026653736627766945;0.00031648786897977904;-8.322778079647726e-05;-0.0007217313156221538;0.00015658874803075684;-0.00027281096343019024;-0.0005998652721054923;-0.00014346075680288196;-0.00036149789056466526;-0.0011492434380002128;6.290298864490124e-05;-8.882088263803316e-05;-0.00048743364581833095;-4.499421508392237e-05;0.0011482189488249187;-9.800497491872709e-05;0.00011717393373556216;7.592411138303878e-05;-0.00026911021012269537;9.302508880228471e-05;0.0002443513550411034;0.0005713065785758702;0.0011030133989666487;-0.00027227114578671894;0.00038658492988290807;-0.0002883798774756654;-5.42692000705808e-05;0.00012398165060316553;-0.0002070034353300917;-0.000680516011553567;-3.5199972927510705e-05;0.00026414777108915515;-0.00029284924397807605;0.007029478950687669;0.0033934851189181036;0.0004545702991108474;2.8435674554051002e-05;0.00012588355235457956;descricao_tam_caracteres
1.1098031401675163e-05;-6.011222438279246e-05;-0.0004541588099080963;0.00035453551013451884;2.853510430582845e-05;0.0002337222497393883;-0.0002792225566018444;7.087407571058438e-05;0.0005567462582275553;-8.31218723075044e-05;0.00021818153334476914;0.00045929241807599427;0.00013579593978996893;0.00031132482630022836;0.0009327444372027308;-3.2715013376554334e-05;6.206819949368377e-05;0.00042255615816545104;3.437417274440935e-05;-0.000891834423965096;0.00014425261911207003;-7.462951557361366e-05;-6.6986361053645e-05;0.000246642341781096;-6.654102992313095e-05;-0.00019983317148671915;-0.0004996061105727859;-0.0009299850705495106;0.00017081653187604406;-0.0003173130835729297;0.0001640124990687966;4.547979541859407e-05;-9.517904420555848e-05;0.00016104087243016093;0.0004862422467446796;3.035298028857245e-05;-0.00021114751004724702;0.0002491187483185992;-0.005777034480363928;-0.002810987669247795;-0.00038757102026571724;2.5769756575304325e-05;-0.0001009192506780652;descricao_qtd_palavras
0.000496884949575998;9.005740124501443e-06;-3.114079909560143e-05;2.8535104305828284e-05;0.00020978438372737745;6.22963454099428e-05;-0.00018035422402146433;7.982800956399896e-05;0.0001535363876901843;-7.559705450853271e-05;6.521014936065834e-05;-0.0030671956937635323;0.00022513834286409532;0.00024060299770528853;0.002967753107421078;5.787812797580579e-05;-0.00011033039702849492;0.00018014408130448607;0.00035658539007158644;0.003192989302111201;0.003170418072103083;0.0001075122900903848;-0.00013990474504210865;-0.000343971638087922;-2.648020856597368e-05;0.00038475958206202914;-0.0010248964983595409;-0.0006605267113834879;0.00016273981964854342;-6.427887962147192e-06;0.00024365769238927695;-0.0005246639400286467;-8.585735413783805e-06;-3.113043258088869e-05;0.00013414142165614343;-9.994955529080801e-06;-1.4642526564730224e-05;6.884494132083101e-05;-0.0011320772968021293;-0.0008281319373411516;0.00042935173934350695;-0.000139776037005011;-8.428654625562294e-05;qtd_itens_lote
-0.00014459415974375976;4.381358706723709e-05;-0.00026653736627767;0.00023372224973938893;6.229634540994305e-05;0.061055664105189845;-0.07091367412332734;-0.0012471997135194521;0.0008371503526362982;1.0890852022314219e-06;0.001157634056953685;0.0015584189454184985;-0.00015367481807276864;0.0005842101731674634;-0.0026547623797436473;0.0006131755078883591;0.001951322629798908;0.0002108471915956742;-0.0010346994506157006;-0.002877919174724969;-0.0030439527004230004;-0.001321120481047008;0.0008123208297742634;0.00036508294870361266;-0.00015676431081393415;0.0033417286714897375;-0.00198270541954888;-0.0015819579710714103;-0.00032033107325192637;-0.0005715298959078897;0.001113674550814548;0.0005981682554955411;0.000700339431332733;0.0009039292679825483;0.000508199965511366;0.0008969561384288372;2.5166432376653797e-05;0.002229748263693881;-0.009856658265717013;-0.0045599579070496055;0.00021357143228572045;0.004586582495522348;0.0007727541338579835;InfoReq
0.0003393052927648378;-0.00022667228450369797;0.0003164878689797808;-0.00027922255660184543;-0.00018035422402146439;-0.07091367412332741;0.11885700000618327;-0.0014853482813195584;-0.004596165408192957;0.0026644947257506717;-0.0008654060132550241;-0.000930332276207811;0.0018819581511724157;0.000504035707975992;0.010857599475608708;0.0016384935000334272;-0.0007518317351302346;0.0010778774896581834;0.0012413171258420764;0.003189091277872219;0.003487489623581934;0.0034701848157085943;-0.0009731366497756622;0.00015971739946679602;0.0003725932749935313;-0.00257696712421995;0.001338132820721544;1.9645321900214596e-05;-0.0038241273557425583;-5.857783513995261e-05;-0.00634387601233596;-0.0008836950921646857;-0.000482256104671992;-0.00040213997182015726;-0.0062120050519773335;-3.6431218008394876e-05;-0.00102171768289954;-0.002166734054092359;0.0036228577363238384;0.0007554302478709554;-0.0015299602275821987;-0.0064414716822489655;-0.0011472057450731;ArqReq
-0.001035783433296359;-3.726890134980623e-05;-8.322778079647684e-05;7.087407571058347e-05;7.982800956399884e-05;-0.0012471997135194532;-0.0014853482813195584;0.005851354078517598;0.0024116095571961402;0.0019260727450248702;0.0017951813560511528;0.00015275604651852854;-0.001676530359157441;0.0006868012941627557;0.0009104567721934414;-0.0016990754415350375;-0.003553818195202389;0.000392632678451121;-0.00024434063815123873;-2.4166360533655057e-05;0.000690833523342201;0.00034089038461750993;0.0004360837681093633;0.0008726562262412194;-0.00014190596970712198;0.0017944318420613436;-0.0012843944580743839;-0.0019169478324290341;-0.00019840301989936738;-0.0009707417244910954;-0.0013570844562054098;0.0007591272022561081;-4.4281610029396665e-05;-0.0003262956422490868;0.0017266247460375865;-0.0003768207370236832;0.000745690489794921;0.000235880778742484;-0.011183939309736306;-0.005925190350689025;0.0039773453213779765;-0.00019478798271748698;-6.047971903136693e-05;Regiao[Centro-Oeste]
-0.0015331703563190462;-0.00021437062163308918;-0.0007217313156221521;0.0005567462582275532;0.00015353638769018404;0.0008371503526363;-0.004596165408192959;0.0024116095571961368;0.024714830331383515;-0.0034504661797411843;0.002827428250530263;0.004732800858354373;-3.276595410938231e-05;0.0011394372729361553;-0.01892252747785828;-0.00029391897340500943;0.0010138592616248947;0.0008528366236750128;-0.00032545188395191534;-0.004929103696183576;-0.0022119513658158253;-0.0011051494941093434;4.28349247298115e-05;-0.002978545447755456;-0.00624828391367964;-0.0010766187627961736;0.0024125014404476766;-0.0029447792973081167;0.008951026171227134;-0.0019513024882069768;0.010322711052757855;-4.649236995095374e-05;-0.0011385873936557531;-0.0015724557311009857;0.015029243362341033;-0.007564633006244863;-0.0010305609033697844;-0.0011542424908824367;-0.03925337885792503;-0.019127783227942684;-0.0015171133799344475;-0.000926076117842257;-0.001719324301238462;Regiao[Nordeste]
-0.0006640602165614072;-2.229315844200746e-05;0.00015658874803075524;-8.312187230750428e-05;-7.559705450853273e-05;1.0890852022317234e-06;0.0026644947257506713;0.0019260727450248708;-0.0034504661797411856;0.11382321371316304;0.0027370944087241793;0.0012984672642020114;-0.0049580877369123765;0.0018346639858464766;0.007201874204798579;0.0003262886151000174;-0.001955889468237432;0.0016757434359924196;-0.001818920676410075;-0.005021941484577615;-0.004515326547911551;0.0016096775279177105;0.003979879468167771;0.004349437554789923;0.0002755926240036843;0.005537357144290945;-0.0023508536472995937;-0.001589016335625912;-0.010589452840142129;-0.0013836680010554116;-0.04901811388982674;0.0009785543463107635;-0.00042691522472432225;0.0012748274927364164;-0.010421636643313168;0.0018584333420206215;-0.00025838895739798074;0.0036935890152660477;-0.0077831535444263964;-0.005193029770931186;0.0006936712958429824;0.00247997308383376;-0.00122200636702358;Regiao[Norte]
-0.0008489500135501343;-0.00013628572874436332;-0.0002728109634301902;0.00021818153334476865;6.52101493606581e-05;0.001157634056953685;-0.000865406013255023;0.0017951813560511528;0.0028274282505302614;0.002737094408724178;0.004143140140295566;0.0007325493851629389;-0.0006208249175884505;0.0015569448964404368;-0.0009606224035533332;-2.876573453689329e-05;-0.0008160408003484221;9.823020622503241e-05;-0.0010893631119607194;-0.0011893480648785325;-0.00017732253021129373;0.000607741996675594;0.0006177046982403832;0.001051241073897412;-0.0008859497452079598;0.003497728931616219;-0.002217958190741141;-0.003890334001335538;-0.0028579695495686034;-0.002414853617162189;-0.0015019159617378462;0.00042668158383323045;-0.0003829550632325324;0.0006352516284207471;0.00015428976780187438;0.00014457751359967698;-0.00032319852186555675;0.0012765532567303268;-0.02368093262633872;-0.012510905065404119;0.0024603889030504365;0.0002783524447463909;-0.0006208957697197409;Regiao[Sul]
-0.007972151752655383;-0.0010969875955312916;-0.000599865272105489;0.00045929241807599123;-0.003067195693763533;0.0015584189454184944;-0.0009303322762078066;0.0001527560465185345;0.004732800858354373;0.0012984672642020164;0.0007325493851629368;0.18685241712570347;-0.0019301224299470288;3.3223899056111714e-05;-0.007290822344665926;-0.00035455467227348816;0.00862731547367074;0.0010970728725094667;-0.020776639047454484;-0.18864931020657308;-0.16668902151766601;-0.003496750943574588;0.0012261926122804528;0.006757996974949297;-0.005729543390587218;-0.00879912801429921;0.015499035050950639;0.006391655388628151;-0.003508667879130984;-0.0012369047519274205;-0.004755426491229042;0.0072598790344122295;-0.000705285238357345;-0.0012792717748394548;-0.0009313927829877618;0.001765435617083313;-0.00125188965216107;0.000881530503568487;-0.019008379235539784;-0.003924611257984455;-0.006908418261884541;0.0006952936836286638;-9.52758729450796e-06;Modalidade[CONCORRÊNCIA ELETRÔNICA]
-0.0002286318924563446;-8.234300402601213e-05;-0.0001434607568028829;0.00013579593978997007;0.00022513834286409567;-0.00015367481807276957;0.001881958151172418;-0.0016765303591574395;-3.2765954109384295e-05;-0.004958087736912377;-0.0006208249175884506;-0.00193012242994703;0.18809377929280532;0.005682653346099369;0.007691157353787856;0.0011835436257753259;0.0014686987498282703;0.0009517574568105388;0.0021532875286359825;0.03835315592356446;0.03796802437787789;0.0007418814355524073;-0.03564667727398749;-0.0008211764129937355;0.0010270617423556085;-0.0018447320512714471;-0.00012703328304927497;-0.00013414138764561074;0.0015468435914445496;0.0005299530824867442;0.002624096318278777;-0.0008827282656533211;0.0003116768155376985;-0.0005547549328651863;-0.00033182868933118105;-0.0009063091806085401;-0.00022728020337555;0.0007194119215005217;-0.0014934577309202765;-0.0010652860171481268;-0.0016813689933154218;-8.051663136392719e-05;0.0004901458974052665;Modalidade[CREDENCIAMENTO]
-0.00014162957826659715;-0.00024893602865378486;-0.00036149789056466597;0.00031132482630022825;0.00024060299770528826;0.0005842101731674642;0.0005040357079759919;0.0006868012941627572;0.001139437272936156;0.001834663985846476;0.001556944896440438;3.322389905611511e-05;0.005682653346099371;0.007875970593034453;0.003820643968380967;0.0014229667592800257;-0.00043545675284648857;0.002225516139109722;0.0005805745790912436;0.005033309636109699;0.00830997388234045;0.00191604412789696;-0.004955590548942411;0.002828385720264833;-0.0010728624648221876;0.0014895764471435096;-0.003458209974153779;-0.004658271620584378;-0.0018347094950444502;-0.002188825826090023;-0.0015441083525569996;9.95867815135565e-05;-0.00015791994330791926;0.0005421764776088839;-0.0011920316818929278;0.0007834475145133541;-0.0004123124312773105;0.0016564273937365202;-0.02782055624929135;-0.01451745546247018;0.00033049237301756735;0.0003229833251370283;-0.0005374007877987431;Modalidade[DISPENSA ELETRÔNICA]
0.007850538570455711;-0.0006364508310741417;-0.0011492434380002837;0.0009327444372027824;0.002967753107421078;-0.0026547623797436434;0.01085759947560868;0.0009104567721934574;-0.018922527477858202;0.007201874204798589;-0.000960622403553334;-0.007290822344665575;0.007691157353787857;0.003820643968380999;0.600085135691332;0.0001924005471973861;0.0011816056763305632;0.006775558596434378;-0.2221842979919074;0.01222738262682463;0.0193892713074268;-0.0010568308527119008;-0.005159537003962919;-0.0016529409006831996;0.006838663252367542;-0.0020914033042903598;-0.022624547452961347;-0.002372539612820375;-0.005956791427194868;0.002911661421313496;-0.014822428139508027;-0.009111349427709988;0.0010333646470523595;0.004082353071799788;-0.014701847049324647;0.00734147393444063;-4.0801219403176275e-05;0.00414310185976145;0.006868121846336167;0.0017657496903452517;-0.014616740428714468;0.001354889326538677;0.00016271287265420616;Modalidade[LEILÃO ELETRÔNICO]
1.2275343184534656e-05;-2.9818784998312015e-05;6.290298864490299e-05;-3.2715013376555425e-05;5.7878127975805806e-05;0.0006131755078883585;0.0016384935000334272;-0.0016990754415350377;-0.00029391897340500943;0.00032628861510001784;-2.8765734536893976e-05;-0.0003545546722734858;0.001183543625775327;0.0014229667592800257;0.00019240054719738963;0.11960833039032373;0.0007579067735280602;-0.0005786786914894297;0.00023428621830680351;0.0008596464084697781;0.0014081498679500127;0.0014619475727138422;-0.00022402570591604405;0.0018436401145393343;-0.0005863784334054784;0.0014723128329258855;-0.000694101739069503;-0.0008838709030781597;-0.0027027739885543177;-0.0009550951920799802;0.0006738985884260127;-2.459201151472518e-05;3.873038442179994e-05;3.5016569426943137e-05;-0.0015567456860204507;0.0003137981602510193;-0.00045700078616859533;0.0008858050262766488;-0.008267236229834336;-0.0043158774001247876;-0.0005571175726941736;0.0007425682137369003;-0.0002784052844545266;Modalidade[LICITAÇÃO 13.303]
-0.000215270165148024;3.444046857347749e-05;-8.882088263802767e-05;6.206819949367869e-05;-0.00011033039702849496;0.0019513226297989076;-0.0007518317351302359;-0.0035538181952023927;0.0010138592616248904;-0.0019558894682374325;-0.0008160408003484228;0.008627315473670752;0.0014686987498282737;-0.00043545675284649085;0.0011816056763304821;0.0007579067735280585;0.09117551594792636;-8.243199619068018e-05;-0.0008502665524422841;-0.008531405990372668;0.013877311426647337;-0.00271804663951219;-0.00010654462579829165;-0.001668835630909546;-0.0030514042539725385;-0.0037365849780934463;0.004171137065980412;0.003526660500429393;0.0033629129491077763;0.0017396141515404738;0.004437648031666903;-0.0004105238322738623;0.0005314303873463;0.0004001732472933601;0.002016280869405383;0.0011391319252859581;-0.00035279781002461245;-0.0003202966409973059;0.007415713545399568;0.004234389745673867;-0.002705644359579799;-0.0005505271499098121;0.0007356315390870757;Modalidade[SELEÇÃO PÚBLICA]
0.00022890472449789344;-0.0003427410599245611;-0.00048743364581832927;0.0004225561581654501;0.00018014408130448604;0.00021084719159567434;0.001077877489658183;0.000392632678451121;0.0008528366236750122;0.001675743435992419;9.823020622503259e-05;0.0010970728725094693;0.0009517574568105391;0.00222551613910972;0.006775558596434349;-0.00057867869148943;-8.243199619068128e-05;0.04589326065783862;0.0012208335803199186;-0.0009227298037431312;0.002872765552590329;0.0008168780664821709;-0.000538158133323799;0.002504097465124667;-0.0009997489944793957;0.0005350697766440685;-0.002216213388455278;-0.002917123133652148;-0.0024541296131156123;-0.0010510846810731392;-0.0024923763272126634;0.0001357395824063034;-2.710534479741739e-05;0.0006125162611076246;-0.0008829889125087272;0.0001207323611619069;5.841296106473741e-05;0.0012362856210534423;-0.022871208793269485;-0.011122613244268179;-0.0014176379092349979;0.0003420626316931395;-0.0001188642443811578;TipoDisputa[MAIOR DESCONTO]
0.0003505416095750431;-4.6529892757800996e-05;-4.4994215083886035e-05;3.4374172744380533e-05;0.00035658539007160634;-0.0010346994506157127;0.0012413171258421137;-0.00024434063815125087;-0.0003254518839519857;-0.0018189206764100767;-0.0010893631119607277;-0.02077663904745501;0.0021532875286360176;0.0005805745790912185;-0.2221842979919118;0.00023428621830681018;-0.0008502665524422266;0.001220833580319955;0.231059839259804;0.022982081082111583;0.021211300508003846;-9.998123574077295e-06;-0.0013598316268290747;-0.0014060374873669688;0.0001914578906374085;-0.002535649796381853;-0.0003409459943352039;0.0006889349320483284;0.003044949722455538;0.0012402816535785775;0.0034413640315482147;-0.0009551688558656617;0.0005135023579739116;0.000374598214286675;0.0015660892878665384;-0.00033378161356573805;0.00030259809890761827;-0.00017883360801824053;0.002429407894348796;0.001002027270309438;-0.0027595713536256597;-0.0008232914735607675;0.0008147921729143661;TipoDisputa[MAIOR LANCE]
0.0072022213326782495;0.0010546236693743105;0.0011482189488249274;-0.0008918344239651038;0.0031929893021111974;-0.0028779191747249694;0.003189091277872218;-2.4166360533653295e-05;-0.004929103696183576;-0.005021941484577614;-0.0011893480648785275;-0.18864931020657305;0.038353155923564475;0.005033309636109706;0.01222738262682493;0.0008596464084697771;-0.00853140599037266;-0.0009227298037431289;0.022982081082111295;0.8099985712703368;0.20361633349822686;0.004360334467517379;-0.03665152767433612;-0.008045265075419547;0.007199054518538374;0.008062848184282743;-0.014654855323119132;-0.004822070175614109;0.004927177844414704;0.002231875224725585;0.00702595996023551;-0.008002787952104923;0.0010752982204600202;0.0007259513324331467;0.0007066798038440135;-0.0032890131042412484;0.0016256727019840539;-0.0006570819069780384;0.02828494562780313;0.008153353231385184;0.007411792974988058;-0.0012750600024524906;0.0005975435340853317;TipoDisputa[MELHOR TÉCNICA]
0.007726387842108191;0.0004708391746051639;-9.800497491873167e-05;0.00014425261911207474;0.00317041807210308;-0.0030439527004230004;0.0034874896235819325;0.0006908335233421966;-0.00221195136581583;-0.004515326547911555;-0.00017732253021129638;-0.16668902151766601;0.037968024377877906;0.00830997388234045;0.019389271307426487;0.0014081498679500131;0.013877311426647353;0.002872765552590339;0.021211300508004002;0.20361633349822686;0.43550966644383043;0.004895212045778895;-0.036730101415675134;-0.00358089063267186;0.004246209460185081;0.0031312516892540525;-0.018189291453508633;-0.011928957147770543;0.0031439651324028962;-0.0006290162899542041;0.005483079448213549;-0.006795064924112246;0.0003372064035075592;0.0020018870220212585;0.0007492131107105261;-0.0017319697933991145;0.0007336400010855307;0.0008083308834807355;-0.017156000699821396;-0.013732558128719397;0.00381647245773712;-0.0009753910458853097;-0.000302080419094895;TipoDisputa[MELHOR TÉCNICA E PREÇO]
-0.0003050459899625515;-6.650840504353752e-05;0.00011717393373556243;-7.462951557361399e-05;0.00010751229009038498;-0.0013211204810470083;0.003470184815708595;0.00034089038461750955;-0.0011051494941093447;0.001609677527917709;0.0006077419966755933;-0.003496750943574587;0.0007418814355524051;0.001916044127896959;-0.001056830852711894;0.0014619475727138417;-0.0027180466395121928;0.0008168780664821691;-9.998123574070391e-06;0.00436033446751738;0.004895212045778904;0.004868141471157532;-0.0001272109399821589;0.00262904198338948;-0.0005194828212885498;0.004228080059821475;-0.001384116223360303;-0.0012803134576471573;-0.0032537041912368593;-0.0015106222421340082;-0.003851779184652534;9.891762729120423e-05;-0.00011232256968735226;-0.00013026283764216903;-0.004251882564987299;-0.0004841660359831747;-2.8691145032641773e-05;0.0008989450168703842;-0.010135412212918912;-0.00593377722653365;0.0028812990570878517;0.0014490279812074357;-0.00046037869555835544;TipoEncerramento[ABERTO E FECHADO]
-0.0006351816264961523;0.0001052596689320505;7.592411138303792e-05;-6.698636105364477e-05;-0.0001399047450421086;0.0008123208297742634;-0.000973136649775662;0.00043608376810936434;4.283492472981173e-05;0.003979879468167773;0.0006177046982403841;0.0012261926122804562;-0.03564667727398751;-0.00495559054894241;-0.005159537003962888;-0.0002240257059160442;-0.00010654462579829077;-0.0005381581333237992;-0.0013598316268290658;-0.036651527674336104;-0.03673010141567513;-0.00012721093998215797;0.035638577684532984;0.0007559760804972627;-0.0006995301697636214;0.002687538202561669;-9.946531038763177e-05;-8.82789393053994e-06;-0.00030202150977788183;0.0002995632564750605;-0.001069509230992844;0.00044954900070481895;0.0002708377956892082;0.0004263305167196848;-0.0004257651066422238;0.0005976766021237836;0.00025805289229437244;-0.00020586462935458837;0.000716581595217366;0.00038636486924077706;0.0004210688482640983;0.00036940299380518817;0.0002224981334648366;TipoEncerramento[FECHADO]
-0.0008856888097840309;-0.00024192380166226953;-0.0002691102101226971;0.0002466423417810978;-0.0003439716380879219;0.00036508294870361363;0.0001597173994667964;0.0008726562262412191;-0.0029785454477554534;0.004349437554789924;0.001051241073897412;0.006757996974949296;-0.0008211764129937357;0.0028283857202648336;-0.0016529409006831423;0.0018436401145393354;-0.0016688356309095423;0.002504097465124666;-0.0014060374873669658;-0.00804526507541955;-0.0035808906326718595;0.00262904198338948;0.0007559760804972624;0.14302089182073688;1.9485403830057878e-05;0.004384395509566878;-0.0036353810038147944;-0.005198763871705054;-0.010789480967284912;-0.002564405001186195;-0.002777030083660471;0.002286337691754262;-0.0007776700608251434;0.0006732920917046273;-0.005197483076508926;0.0021328630582139606;-0.0007660952441873107;0.0010228073504635294;-0.029113377385383707;-0.013935670691001989;-0.0005451982218657725;0.002062411540009241;-0.0005713867080539784;TipoEncerramento[FECHADO E ABERTO]
-0.00035187420810248583;-7.476374257284625e-05;9.302508880228029e-05;-6.654102992312554e-05;-2.648020856597418e-05;-0.00015676431081393169;0.00037259327499353684;-0.00014190596970711358;-0.006248283913679648;0.000275592624003683;-0.000885949745207962;-0.005729543390587255;0.0010270617423556003;-0.0010728624648221816;0.006838663252367729;-0.0005863784334054741;-0.0030514042539725316;-0.0009997489944793985;0.0001914578906376831;0.0071990545185383744;0.0042462094601851;-0.0005194828212885611;-0.0006995301697636222;1.948540383006347e-05;0.012116435395861689;0.0050152526530167696;-0.00941543853083501;-0.007895295871423158;-0.0012683043164694319;0.001334885994488424;-0.001061596697354596;-0.0003346822534537936;0.00014342881814957413;0.000522797890063944;-0.0029626653239343435;-0.002298925952169893;0.0003110123240420482;0.0005080898139340984;0.012827869849603707;0.006579422022310814;-0.003812038438126739;-0.0007990494264107431;0.0005804614264018264;TipoLance[GLOBAL]
-0.0007672559870926345;5.865828787509065e-05;0.00024435135504110873;-0.0001998331714867217;0.0003847595820620283;0.0033417286714897392;-0.0025769671242199437;0.0017944318420613473;-0.0010766187627961692;0.005537357144290936;0.0034977289316162163;-0.00879912801429924;-0.0018447320512714588;0.0014895764471435137;-0.002091403304290207;0.0014723128329258896;-0.0037365849780934234;0.0005350697766440669;-0.002535649796381623;0.008062848184282748;0.0031312516892540686;0.004228080059821467;0.002687538202561667;0.004384395509566882;0.005015252653016725;0.0803550665389997;-0.012475231971919574;-0.011006391533125479;-0.007098705682460297;-0.002169295914189626;-0.005671530785624618;-0.00042872865525344305;0.0008396331371874457;0.0003668486892754062;-0.005141434362630668;-0.0028062765089761237;-0.00024869328706503946;0.001956666423944248;-0.021700435398484264;-0.014770549109458977;0.029279786359164155;-0.00040969169640268205;-0.0008270550454299845;TipoLance[KIT]
-0.002464059750653102;0.0002939306223242095;0.0005713065785758796;-0.0004996061105727949;-0.0010248964983595385;-0.001982705419548883;0.001338132820721535;-0.0012843944580743867;0.002412501440447687;-0.002350853647299595;-0.0022179581907411368;0.015499035050950644;-0.00012703328304926098;-0.0034582099741537827;-0.02262454745296161;-0.0006941017390695079;0.0041711370659804;-0.0022162133884552782;-0.00034094599433552564;-0.014654855323119111;-0.01818929145350866;-0.001384116223360292;-9.946531038763532e-05;-0.003635381003814805;-0.009415438530835004;-0.012475231971919612;0.0213931447159047;0.01963729519745212;0.003926769479849549;0.002198228085747919;0.0015661915013996481;0.0015132246426008144;0.00043402814668422557;-0.0019667912801799533;0.003179587506653683;0.0006897034341718494;0.00029496461315534235;-0.002277659230817713;0.03692426442993304;0.019600996228301974;0.0007583013718468805;0.0011095341892668885;0.0010022483854804818;tipo_lote_calc[Lote global]
-0.0012645813355738717;0.0005586381925340036;0.0011030133989666372;-0.0009299850705495046;-0.0006605267113834855;-0.0015819579710714153;1.964532190021098e-05;-0.0019169478324290354;-0.0029447792973081167;-0.0015890163356259107;-0.0038903340013355363;0.006391655388628174;-0.00013414138764559493;-0.004658271620584381;-0.002372539612820807;-0.0008838709030781636;0.0035266605004293894;-0.0029171231336521395;0.0006889349320481941;-0.004822070175614108;-0.011928957147770562;-0.0012803134576471443;-8.827893930541305e-06;-0.00519876387170506;-0.007895295871423175;-0.011006391533125532;0.01963729519745215;0.035927685532222225;0.0023198665764670246;0.004559266724364069;9.502023867083499e-05;-0.00011539505154377844;0.0011304098974925676;-0.002804628297393562;-0.001738503145572114;0.0011871434786170825;0.0007967800324472924;-0.0024903915099017742;0.07889360259183348;0.04002861018017845;-0.0024744786203061498;0.001916447334773889;0.0011228847835574476;tipo_lote_calc[Lote global/kit]
-0.0011017360816149371;0.00022160304195734302;-0.0002722711457867164;0.00017081653187604214;0.00016273981964854358;-0.0003203310732519258;-0.0038241273557425583;-0.00019840301989936744;0.008951026171227132;-0.01058945284014213;-0.0028579695495686043;-0.0035086678791309924;0.0015468435914445479;-0.0018347094950444502;-0.005956791427194891;-0.002702773988554319;0.0033629129491077746;-0.002454129613115612;0.00304494972245554;0.004927177844414708;0.0031439651324028993;-0.0032537041912368576;-0.0003020215097778831;-0.010789480967284912;-0.0012683043164694223;-0.0070987056824602926;0.003926769479849528;0.00231986657646702;0.03189436774709656;0.003507502813279511;0.00509059258661935;-0.0018004070832921824;0.001002455671061063;-0.0017034921728457508;0.011266499260504968;-0.0035429419177746063;0.0009995141303125153;-0.003987235667688609;0.00650193487970552;0.0028911355148359295;-0.0012265781403038554;-0.0035758310173836724;0.0014475109147359297;grupo_exclusividade_regionalidade[ME_EPP_E_REGIONAL_LOCAL]
-0.0005114097448491875;0.00021956406296333943;0.0003865849298829094;-0.000317313083572931;-6.427887962147301e-06;-0.00057152989590789;-5.857783513995133e-05;-0.000970741724491094;-0.0019513024882069777;-0.0013836680010554125;-0.0024148536171621883;-0.0012369047519274223;0.000529953082486743;-0.0021888258260900234;0.0029116614213134857;-0.0009550951920799812;0.001739614151540474;-0.00105108468107314;0.0012402816535785673;0.002231875224725583;-0.0006290162899542054;-0.0015106222421340078;0.0002995632564750603;-0.0025644050011861944;0.0013348859944884185;-0.0021692959141896245;0.002198228085747922;0.0045592667243640715;0.003507502813279513;0.0045420022325119965;0.0028235932809852786;-0.0008977988564626678;0.0008828778997818842;6.0198926186199514e-05;-3.4538366558472726e-06;-0.0008323049961437834;0.0007048091155032889;-0.0011821120998021276;0.03191001411043503;0.016286978633952995;-0.0023030684729024417;-0.00056476431724503;0.0015828301413341678;grupo_exclusividade_regionalidade[SOMENTE_ME_EPP]
-0.0008879788498933386;0.00013771855906402297;-0.0002883798774756674;0.0001640124990687983;0.00024365769238927698;0.0011136745508145494;-0.0063438760123359595;-0.0013570844562054085;0.010322711052757854;-0.04901811388982678;-0.0015019159617378473;-0.004755426491229033;0.002624096318278777;-0.0015441083525569999;-0.014822428139508029;0.0006738985884260129;0.004437648031666905;-0.002492376327212665;0.0034413640315482234;0.007025959960235505;0.005483079448213547;-0.003851779184652534;-0.0010695092309928442;-0.0027770300836604707;-0.0010615966973545963;-0.005671530785624623;0.0015661915013996496;9.502023867083427e-05;0.005090592586619353;0.0028235932809852794;0.12192661982800222;-0.002876295078494435;0.0009777772069419343;-0.002352016535700935;0.021921524293618346;-0.0038234379441318637;0.0008070495847344936;-0.001906000452312012;0.0024125418201544784;0.004007373367291597;-0.0034382325128597137;-0.0049888363084586605;0.0009732609964179169;grupo_exclusividade_regionalidade[SOMENTE_REGIONAL_LOCAL]
-0.0013483079862939215;-5.059768803966711e-05;-5.4269200070582136e-05;4.547979541859432e-05;-0.0005246639400286466;0.0005981682554955418;-0.0008836950921646856;0.0007591272022561085;-4.64923699509539e-05;0.0009785543463107626;0.0004266815838332302;0.007259879034412228;-0.0008827282656533207;9.958678151355701e-05;-0.009111349427710013;-2.4592011514725413e-05;-0.00041052383227386456;0.0001357395824063036;-0.0009551688558656667;-0.008002787952104922;-0.006795064924112247;9.891762729120432e-05;0.00044954900070481895;0.0022863376917542626;-0.0003346822534537884;-0.0004287286552534385;0.0015132246426008058;-0.00011539505154377697;-0.0018004070832921834;-0.0008977988564626685;-0.002876295078494432;0.22883722019075262;-0.00030431289311724097;-0.0004251279662574753;-0.0004770344060523508;0.0003533495748994632;-0.00036524651939710573;0.0004289508502264204;-0.008625127561024666;-0.003907227871327467;6.25812446995036e-05;0.0005909348242848999;-0.0002620336734665245;familia_textual_ml[FAMILIAS_RARAS_MENOS_100]
-0.0004899600878806718;5.629832820721649e-05;0.00012398165060316694;-9.517904420555978e-05;-8.58573541378373e-06;0.0007003394313327335;-0.00048225610467199235;-4.4281610029396875e-05;-0.001138587393655752;-0.000426915224724324;-0.00038295506323253323;-0.0007052852383573445;0.00031167681553769785;-0.0001579199433079191;0.0010333646470523626;3.8730384421799843e-05;0.0005314303873462986;-2.710534479741824e-05;0.0005135023579738914;0.0010752982204600197;0.00033720640350756124;-0.0001123225696873517;0.00027083779568920784;-0.0007776700608251433;0.00014342881814957779;0.0008396331371874505;0.0004340281466842174;0.0011304098974925616;0.001002455671061064;0.0008828778997818828;0.000977777206941935;-0.0003043128931172411;0.006584793210398292;-0.00025685765472320597;-0.00045013050065567623;0.00020959944838729356;0.002493235932816618;-9.155523584005698e-05;0.00567710892429788;0.0026155783514166314;-0.00046825666641421056;0.00011980375349799739;0.0015935072678945293;familia_textual_ml[FAMILIA_02]
-4.890325445828071e-05;-0.00014562045434397963;-0.00020700343533009091;0.0001610408724301605;-3.113043258088859e-05;0.0009039292679825479;-0.0004021399718201567;-0.00032629564224908556;-0.0015724557311009861;0.001274827492736416;0.0006352516284207476;-0.0012792717748394578;-0.0005547549328651868;0.0005421764776088837;0.004082353071799773;3.501656942694328e-05;0.00040017324729336003;0.0006125162611076237;0.0003745982142866884;0.000725951332433146;0.0020018870220212576;-0.0001302628376421692;0.00042633051671968423;0.0006732920917046273;0.0005227978900639459;0.0003668486892754106;-0.0019667912801799524;-0.0028046282973935685;-0.001703492172845752;6.019892618619867e-05;-0.0023520165357009365;-0.000425127966257475;-0.00025685765472320614;0.06015300090398199;-0.0012714192033436043;-0.00012795824117884757;-0.0005375513814822029;-0.00026511540159973764;-0.01393340397781755;-0.006263079015703263;-0.004550546789084179;-0.00014136822015073372;-0.00020620903800985555;familia_textual_ml[FAMILIA_05]
-0.0003887535631141445;5.120887276084571e-05;-0.0006805160115535675;0.00048624224674468025;0.00013414142165614362;0.0005081999655113652;-0.006212005051977331;0.0017266247460375884;0.015029243362341035;-0.010421636643313168;0.00015428976780187362;-0.0009313927829877681;-0.000331828689331183;-0.0011920316818929287;-0.014701847049324677;-0.001556745686020451;0.002016280869405384;-0.0008829889125087267;0.0015660892878665714;0.00070667980384401;0.0007492131107105274;-0.004251882564987305;-0.0004257651066422248;-0.005197483076508926;-0.002962665323934348;-0.00514143436263067;0.003179587506653687;-0.001738503145572116;0.011266499260504962;-3.4538366558444914e-06;0.02192152429361835;-0.0004770344060523516;-0.0004501305006556739;-0.0012714192033436039;0.09467243176070236;-0.004452811859000234;-0.000426541300896105;-0.0009846563014716165;-0.015188908242783423;-0.006441414062014969;-0.0016035477703669973;-0.004313726281854623;-0.00042087827661221633;familia_textual_ml[FAMILIA_07]
0.000944035789542429;0.00015780434548521695;-3.5199972927505026e-05;3.0352980288567785e-05;-9.994955529079783e-06;0.0008969561384288348;-3.643121800839708e-05;-0.00037682073702368865;-0.007564633006244863;0.0018584333420206204;0.0001445775135996756;0.0017654356170833311;-0.0009063091806085349;0.0007834475145133492;0.007341473934440386;0.00031379816025101613;0.0011391319252859434;0.00012073236116190618;-0.00033378161356580467;-0.0032890131042412423;-0.0017319697933991206;-0.00048416603598317034;0.0005976766021237825;0.0021328630582139532;-0.002298925952169866;-0.00280627650897613;0.0006897034341718313;0.0011871434786170415;-0.0035429419177745998;-0.0008323049961437846;-0.0038234379441318624;0.00035334957489946433;0.00020959944838729497;-0.00012795824117884527;-0.004452811859000236;0.06846390952418625;0.0011358920214223328;0.0008198831154768043;-0.005140189283778567;-0.002983404878824661;0.0028899544668882443;0.0005040839157710033;-0.00013592465694563588;familia_textual_ml[FAMILIA_09]
-0.00031844825569279163;5.756027779492189e-05;0.00026414777108915667;-0.00021114751004724832;-1.4642526564730365e-05;2.5166432376653797e-05;-0.001021717682899541;0.0007456904897949218;-0.0010305609033697816;-0.00025838895739798166;-0.00032319852186555686;-0.0012518896521610677;-0.000227280203375551;-0.00041231243127730995;-4.080121940321015e-05;-0.00045700078616859604;-0.0003527978100246114;5.8412961064736835e-05;0.000302598098907642;0.0016256727019840537;0.0007336400010855331;-2.8691145032641763e-05;0.0002580528922943723;-0.0007660952441873116;0.00031101232404204834;-0.0002486932870650376;0.00029496461315533834;0.0007967800324472907;0.0009995141303125166;0.0007048091155032895;0.0008070495847344933;-0.0003652465193971055;0.0024932359328166185;-0.0005375513814822026;-0.00042654130089610557;0.0011358920214223325;0.00891128739445696;-0.00040345974106334226;0.007365164139516027;0.0033029986797174387;-0.0004670062861091559;0.00010186506067617;0.0015519844808402296;familia_textual_ml[FAMILIA_10]
-0.0003355903753442087;-0.00014067890797928327;-0.00029284924397807486;0.0002491187483185984;6.884494132083105e-05;0.0022297482636938815;-0.0021667340540923587;0.0002358807787424844;-0.001154242490882436;0.0036935890152660473;0.0012765532567303273;0.0008815305035684856;0.0007194119215005205;0.0016564273937365208;0.00414310185976144;0.000885805026276649;-0.0003202966409973045;0.0012362856210534417;-0.00017883360801822882;-0.0006570819069780366;0.0008083308834807366;0.0008989450168703845;-0.0002058646293545886;0.0010228073504635292;0.0005080898139340963;0.0019566664239442505;-0.0022776592308177126;-0.0024903915099017755;-0.0039872356676886106;-0.0011821120998021266;-0.001906000452312012;0.00042895085022642056;-9.155523584005682e-05;-0.0002651154015997375;-0.000984656301471617;0.0008198831154768052;-0.000403459741063342;0.12368432422403214;-0.013436451999470028;-0.00696756958711751;-0.0012182790226149154;0.0001306417848032218;-8.75814543899671e-05;familia_textual_ml[FAMILIA_12]
0.00012892432556242268;0.0036983403282364836;0.007029478950687661;-0.005777034480363924;-0.0011320772968021302;-0.009856658265717008;0.003622857736323834;-0.011183939309736303;-0.039253378857925035;-0.0077831535444264025;-0.023680932626338726;-0.019008379235539795;-0.0014934577309202671;-0.027820556249291355;0.006868121846336153;-0.008267236229834335;0.007415713545399565;-0.02287120879326946;0.0024294078943488625;0.028284945627803152;-0.01715600069982138;-0.01013541221291891;0.0007165815952173642;-0.0291133773853837;0.01282786984960374;-0.021700435398484236;0.03692426442993303;0.07889360259183341;0.006501934879705517;0.031910014110435043;0.0024125418201544745;-0.008625127561024662;0.005677108924297875;-0.013933403977817548;-0.015188908242783418;-0.005140189283778561;0.007365164139516028;-0.01343645199947003;0.6283381739362133;0.2842691485942881;-0.006292965479086888;0.0016158110761629204;0.006866439286580319;familia_textual_ml[FAMILIA_14]
-0.0002435563228072038;0.0018043403581567345;0.0033934851189181036;-0.0028109876692477944;-0.0008281319373411508;-0.004559957907049607;0.0007554302478709586;-0.005925190350689028;-0.019127783227942684;-0.005193029770931185;-0.012510905065404126;-0.003924611257984455;-0.0010652860171481268;-0.014517455462470182;0.001765749690345227;-0.004315877400124788;0.004234389745673864;-0.011122613244268182;0.001002027270309476;0.0081533532313852;-0.013732558128719393;-0.005933777226533651;0.0003863648692407771;-0.013935670691001994;0.006579422022310801;-0.014770549109458958;0.019600996228301963;0.04002861018017844;0.0028911355148359286;0.016286978633953;0.0040073733672916;-0.003907227871327473;0.002615578351416634;-0.006263079015703253;-0.006441414062014965;-0.002983404878824665;0.0033029986797174374;-0.006967569587117511;0.28426914859428803;0.15263458939740937;-0.007190066030081249;0.00024761245706536215;0.003250655128424005;familia_textual_ml[FAMILIA_16]
0.0004637883025408312;0.00044781309001939594;0.00045457029911084585;-0.0003875710202657185;0.00042935173934350706;0.00021357143228572067;-0.0015299602275821982;0.00397734532137798;-0.001517113379934449;0.0006936712958429831;0.002460388903050437;-0.006908418261884541;-0.0016813689933154222;0.00033049237301756653;-0.01461674042871449;-0.0005571175726941738;-0.002705644359579802;-0.0014176379092349985;-0.0027595713536256545;0.007411792974988061;0.0038164724577371225;0.0028812990570878535;0.00042106884826409723;-0.0005451982218657735;-0.00381203843812673;0.029279786359164183;0.0007583013718468686;-0.0024744786203061606;-0.0012265781403038546;-0.0023030684729024404;-0.003438232512859713;6.258124469950452e-05;-0.0004682566664142097;-0.004550546789084178;-0.0016035477703669968;0.0028899544668882448;-0.00046700628610915515;-0.0012182790226149152;-0.006292965479086895;-0.00719006603008125;0.17360707761309246;0.00047238340281407284;-0.00035987684413426907;familia_textual_ml[FAMILIA_17]
-0.0005433967028776526;2.189743904750378e-05;2.8435674554050822e-05;2.576975657530434e-05;-0.00013977603700501064;0.004586582495522347;-0.006441471682248957;-0.00019478798271748576;-0.0009260761178422543;0.002479973083833761;0.0002783524447463923;0.0006952936836286625;-8.051663136392696e-05;0.00032298332513702944;0.0013548893265386995;0.0007425682137369009;-0.0005505271499098126;0.0003420626316931391;-0.0008232914735608018;-0.001275060002452493;-0.0009753910458853071;0.0014490279812074379;0.00036940299380518784;0.0020624115400092414;-0.0007990494264107464;-0.0004096916964026814;0.0011095341892668892;0.0019164473347738876;-0.0035758310173836707;-0.0005647643172450292;-0.004988836308458657;0.0005909348242848999;0.00011980375349799863;-0.0001413682201507332;-0.004313726281854623;0.0005040839157710054;0.00010186506067617093;0.00013064178480322233;0.0016158110761629186;0.0002476124570653635;0.0004723834028140726;0.11367769248215613;0.0013037033064367109;familia_textual_ml[FAMILIA_18]
-0.0007930556517337981;2.991035398278363e-05;0.00012588355235458056;-0.00010091925067806598;-8.428654625562324e-05;0.0007727541338579832;-0.0011472057450731005;-6.047971903136569e-05;-0.0017193243012384584;-0.0012220063670235792;-0.000620895769719739;-9.527587294500821e-06;0.0004901458974052661;-0.0005374007877987425;0.00016271287265418163;-0.00027840528445452684;0.0007356315390870844;-0.00011886424438115642;0.0008147921729143824;0.0005975435340853254;-0.00030208041909489744;-0.0004603786955583547;0.0002224981334648371;-0.00057138670805398;0.0005804614264018043;-0.0008270550454300016;0.001002248385480504;0.0011228847835574672;0.0014475109147359315;0.0015828301413341693;0.0009732609964179162;-0.0002620336734665243;0.0015935072678945313;-0.0002062090380098554;-0.0004208782766122174;-0.00013592465694562065;0.0015519844808402307;-8.758145438996772e-05;0.006866439286580316;0.003250655128424004;-0.00035987684413426923;0.0013037033064367115;0.025998792203988222;familia_textual_ml[FAMILIA_19]
