const;valor_cotado_log;descricao_tam_caracteres;descricao_qtd_palavras;qtd_itens_lote;InfoReq;ArqReq;UF[AC];UF[AM];UF[BA];UF[CE];UF[DF];UF[ES];UF[GO];UF[MA];UF[MG];UF[MS];UF[MT];UF[PA];UF[PB];UF[PE];UF[PI];UF[PR];UF[RJ];UF[RN];UF[RO];UF[RS];UF[SC];UF[SE];UF[TO];Modalidade[CONCORRÊNCIA ELETRÔNICA];Modalidade[CREDENCIAMENTO];Modalidade[DISPENSA ELETRÔNICA];Modalidade[LEILÃO ELETRÔNICO];Modalidade[LICITAÇÃO 13.303];Modalidade[SELEÇÃO PÚBLICA];TipoDisputa[MAIOR DESCONTO];TipoDisputa[MAIOR LANCE];TipoDisputa[MELHOR TÉCNICA];TipoDisputa[MELHOR TÉCNICA E PREÇO];TipoEncerramento[ABERTO E FECHADO];TipoEncerramento[FECHADO];TipoEncerramento[FECHADO E ABERTO];TipoLance[GLOBAL];TipoLance[KIT];tipo_lote_calc[Lote global];tipo_lote_calc[Lote global/kit];grupo_exclusividade_regionalidade[ME_EPP_E_REGIONAL_LOCAL];grupo_exclusividade_regionalidade[SOMENTE_ME_EPP];grupo_exclusividade_regionalidade[SOMENTE_REGIONAL_LOCAL];familia_textual_ml[FAMILIAS_RARAS_MENOS_100];familia_textual_ml[FAMILIA_02];familia_textual_ml[FAMILIA_05];familia_textual_ml[FAMILIA_07];familia_textual_ml[FAMILIA_09];familia_textual_ml[FAMILIA_10];familia_textual_ml[FAMILIA_12];familia_textual_ml[FAMILIA_14];familia_textual_ml[FAMILIA_16];familia_textual_ml[FAMILIA_17];familia_textual_ml[FAMILIA_18];familia_textual_ml[FAMILIA_19];termo
0.003285289828625749;3.360713475337351e-05;7.270555482962193e-05;-5.546206494787121e-05;0.0004821009868053024;-0.0002642445326621422;0.0008274841523521186;-0.0027412532699442275;-0.0014901106341098955;-0.002049248850078653;-0.0015798500796445534;-0.0007648348034840815;-0.0015382700400358247;-0.0017396467418726372;-0.0013425963829290313;-0.0019454403215159715;-0.0014339263874747373;-0.0016561322088462075;-0.002651627598641266;-0.002231711640539612;-0.0020829091762925955;-0.002883077132566782;-0.0015425535316800625;-0.0013105409452353286;0.0001582675262934667;-0.0025646845107077107;-0.0016146272850811427;-0.0022995061748323645;0.0008484387146292673;-0.0018273358608472353;-0.00788387548715971;-0.0003084886647917238;-0.000461330380577091;0.0073834759369199796;-6.664508237841885e-05;-0.0006967921650545927;9.539927074260508e-05;0.00048609844614361903;0.007268812472256112;0.006757110012538915;-0.0003360040953945024;-0.0003309535685002935;-0.0011268419957312565;-0.0003277766515758503;-0.0008684892204234981;-0.0020177282737824597;-0.0004595592499110023;-0.0005031686681043646;-9.71746526592005e-05;-0.00010144987739253056;-0.0013474307633611297;-0.0004134453985254857;0.00013960804101925033;-0.00011835764274328587;0.00027208109182503355;-0.00034376053349084474;-0.0003116322978114859;0.004490590035542492;0.00206771597242439;0.00044371188347501494;-0.000648950587247717;-0.0008094642723952674;const
3.3607134753373247e-05;7.779677195536962e-05;6.835436826457118e-05;-5.685433506414129e-05;8.929173696020089e-06;5.371189357234718e-05;-0.00019858030569700963;-0.00026042839857845073;5.583451812460315e-05;-0.00018214733284008917;-0.00046251713925545256;3.3433386976127036e-05;-0.00014409691520388894;5.8787975334905504e-06;-0.0007399709105964795;-0.00019321129658312006;-0.0001728766709319206;-9.461235357553544e-05;-0.0001790034835133927;-0.00027498750730623893;-0.0002692735706021625;-9.804393839241509e-05;-0.0001991238659215606;3.558184230675608e-05;-0.00042764337273438997;-0.00022735327172348713;-5.421890602292367e-05;-0.0002531643884923704;-0.0005731026476083884;-8.85875115850724e-05;-0.0010230159725220407;-3.829367104513185e-05;-0.00023395520330058401;-0.000744837261975848;-6.829776522690014e-07;-4.411002276432946e-05;-0.0003288213486135017;-5.839541293179095e-06;0.0010609133777240822;0.00045630365391404756;-4.418784292266606e-05;8.187776705079495e-05;-0.00025747808184789733;-8.934155836478167e-05;0.00013564796151184768;0.0003181341089257097;0.0005825941357859225;0.0002877393870146363;0.00024092517247248954;0.00016147735581424852;-3.427850150420368e-05;6.36696172581829e-05;-0.0001257320994061987;8.785605412440549e-05;0.00011872115766642212;6.377433497205933e-05;-0.00011734424961524667;0.0035556177361044665;0.0017498158978669284;0.0004583920078227875;1.2135985027540752e-05;1.4953706485393711e-05;valor_cotado_log
7.270555482962307e-05;6.835436826457091e-05;0.000577208613751586;-0.0004444090241354286;-2.9343390037463292e-05;-0.0003784906065469652;0.0004521929590177036;-0.00069206890146868;0.00023162868952566627;-0.0008599046686386507;-0.00034530480432022164;-0.00032161998888750724;-0.00035640912319027316;-0.0002330375991950797;-0.0012206422270711538;-0.00037891839125484553;-3.7984352738425594e-05;-0.00025262659269981446;-0.0004831487709069997;-0.0004864681424924588;-0.0007010744336716373;-0.0007316207243590123;-0.0003108037514863978;-0.00018802518239868869;-0.001028043282204725;-0.00033561357059016964;-0.0002812464907609768;-0.0008373961885901963;-0.0013458622132131097;-7.868314577863107e-05;-0.00046287834693964857;-0.0001500140753180379;-0.00035550175790984186;-0.001300710189586342;5.612741928627476e-05;-9.262501413580651e-05;-0.00047695078362169625;-2.0407342819008058e-05;0.0009982164999833528;-0.0002001550009465922;0.00012795893161571533;0.00011489615654211547;-0.0002652536332694168;8.899880368839503e-05;0.00029437450384953303;0.0005412092125162883;0.0010192634111519507;-0.00022453897487990392;0.000368063351620047;-0.0001938370098851577;-3.0796461617972276e-05;0.00010190463539332688;-0.00013106691457410877;-0.0005906061689245291;2.1559170148451418e-05;0.00023836316585302484;-0.00026726651481095287;0.006657513333870672;0.003261398713452756;0.0005680500709866647;3.2532140773767724e-05;9.918594180045263e-05;descricao_tam_caracteres
-5.546206494787211e-05;-5.685433506414122e-05;-0.0004444090241354294;0.0003464830880071295;2.673716329582902e-05;0.00032506658114905915;-0.0003997389951044073;0.0005562644150270802;-0.000140528902707261;0.0006638619682099716;0.0002447397146282854;0.0002530777247915414;0.00028404942035449967;0.00019251730938755931;0.001005449555380767;0.0002978349053951225;2.7193233595293037e-05;0.0002047863182821676;0.00039032402529063477;0.0003965888428675765;0.0005518631026693946;0.0006091670303427259;0.0002454369857707313;0.00014924275694387724;0.0008395063074414877;0.00029331614860653166;0.00021971965050145218;0.0006675615747596913;0.0011021877059718046;8.249566037608186e-05;0.00034110204950718717;0.0001391954063605959;0.0002991574208248057;0.001068078652298747;-4.1565202099066465e-05;6.80390832175416e-05;0.0004080771259967994;1.0172044291225063e-05;-0.0007615394135347409;0.00021566164760767245;-8.706090461222235e-05;-9.858069006202126e-05;0.00023501214519875012;-6.351009777361522e-05;-0.000232377869377833;-0.0004659389422385383;-0.0008445783705994388;0.00014478850403084497;-0.00029810771513657245;8.726013098415831e-05;1.9362660954360682e-05;-7.688622379342223e-05;9.471218275153305e-05;0.0004105588556692479;-1.8827842334974254e-05;-0.00019283096856636557;0.00022691916619639753;-0.0054010395591409825;-0.002665607541096087;-0.0004820220191964776;2.115173396229221e-05;-7.907262698681947e-05;descricao_qtd_palavras
0.0004821009868053039;8.929173696020051e-06;-2.934339003746446e-05;2.673716329582987e-05;0.00020368555036177108;3.95120799740043e-05;-4.1855493181552056e-07;-0.00034884622181704524;-1.9328554025714823e-05;0.00016535347683233008;6.755111220688155e-05;0.000166620695195844;5.0086902720576975e-05;9.8208345878579e-05;0.00027727416055119434;-2.2704583052639306e-05;2.227446622193175e-05;9.162041591961732e-05;-0.00012855715437675282;-0.00017801587986743738;-0.00014715939271549354;-0.00026905180273913306;7.898620195279656e-05;0.0001714637393456058;6.132805736513262e-05;-1.1686800865221499e-05;0.00012018285466822106;-0.00012564009331978132;0.0006456838670792162;-8.860807627440194e-05;-0.003001863558496939;0.0002828616916892077;0.0002429218827370787;0.0027693567840488655;3.127349595236467e-05;-0.0001689733819719255;0.0001836792519583672;0.0003711615282101051;0.0031825921870286787;0.0029452429622000074;0.00010994966672057222;-0.00017664423062669542;-0.0003275304151848196;-5.8567014378108144e-05;0.0005002116005326744;-0.000955652081443436;-0.0005905667101007899;0.0001412813327221889;-7.707202709503282e-06;0.00020102085049258263;-0.0005112423210336731;-9.631055715937831e-06;-1.128180915985627e-05;0.00011418224725246598;-9.937605619171792e-06;-1.848867701338281e-05;7.191592338988133e-05;-0.0010784109170766654;-0.0008118961798467142;0.0004532297519444214;-0.00012280943413067323;-9.678974595539439e-05;qtd_itens_lote
-0.0002642445326621422;5.3711893572347295e-05;-0.00037849060654696694;0.00032506658114906067;3.951207997400397e-05;0.059864435835862595;-0.06896836684913348;0.002232165834163696;0.0008722338544836357;0.0006832663478194328;-0.01402562740940409;0.0031451160394870524;0.0010530050126202146;0.000554235004479427;0.01664232256983266;0.0007530257915289854;0.0008182346112684921;-0.002720049811474068;-0.0012195302258689682;0.0012579021501483935;0.019843184499043647;0.02769049250241299;0.0013439526962652866;0.0005479488389696815;-0.000551352700688909;0.00789257189994083;0.002367098139113676;0.0008373888179879107;-0.0011035164745015788;0.000491447819709436;0.0003073375530825041;0.000823504784872723;0.0004417311370188236;-0.0008579627768848359;0.0021510449323535264;-0.0027367938966250454;0.00038979378104346643;-0.0011822479319334523;-0.0018713961724484973;-0.0016280183971451492;-0.0002816133199919814;0.0009857625195644306;0.00140167203804572;6.152942033604503e-06;0.003064267407412434;-0.001976745807946355;-0.0017488748304573486;-0.00151098798175055;-0.001030917878334762;0.00066190004575997;0.0007864221482561392;0.0003428557030221534;0.0007342144352385523;-0.00010549982128110572;0.0004628484019227274;8.876957436335747e-05;0.0019270224818519167;-0.012291158621411153;-0.006023883123036437;-0.0003081625610579224;0.0025430404451798486;0.00027695955221804057;InfoReq
0.0008274841523521219;-0.00019858030569700966;0.00045219295901770013;-0.00039973899510440487;-4.185549318152599e-07;-0.06896836684913332;0.11662865796432366;-0.002401188663130302;0.0008879229644837592;-0.003823671961417024;0.030893982937009144;-0.006287509999179935;-0.000848200253928325;-0.000376813061267221;-0.026874340444411896;-0.0008455633834978679;-0.003057715993534753;-0.000934106302786345;0.0019462969597194737;-0.001179576255623304;-0.010306168215168584;-0.0477909626851776;-0.0010109019043649894;-0.00037407879681706916;-0.0011219625371025727;-0.04108883901109578;-0.0031325084045519167;-0.001221630704326087;-0.0024615850336267547;-7.787196153809269e-05;-0.0013332787611273654;0.0006153830420153365;0.00037622901278622396;0.005781037361491584;0.0006220700157745511;0.0046776632252256535;0.00044102299031375684;0.0012821395976841566;0.003444911881569396;0.0033201175844404297;0.0020291449924326223;-0.0011769780306779816;-0.002669816642464793;-0.00014271326930055472;-0.0020444961103891876;0.0014320175552706921;-0.00016392083193928186;-0.0006327172710865014;0.0004230879634894275;-0.0032582827085579974;-0.0014267438532414303;-0.0004284211982087001;-0.000526995282284109;-0.0030053427767884433;0.0008506103290929252;-0.0012947802287964466;-0.002094009212219544;0.00738524566911164;0.002894859801746306;-0.0011187707055003511;-0.0034093541310636463;-0.0006160483592104293;ArqReq
-0.0027412532699442344;-0.0002604283985784504;-0.0006920689014686762;0.0005562644150270778;-0.000348846221817046;0.002232165834163692;-0.002401188663130303;0.37389981916070564;0.002825644906916183;0.006099783519016068;0.008955940551014764;0.002952958112784568;0.005111949443921166;0.0024799215973823714;0.008104126319055844;0.004133602898770091;0.003620861909088756;0.00325314063818869;0.005028276323627656;0.0068319801193828505;0.004498109751854223;0.00982638528489022;0.005341094024032212;0.002679061956685968;0.003876735056617563;0.002870211851184975;0.003177790913437036;0.00433678270136109;0.007689475185072623;0.004258561498898449;0.01219670335218028;-0.002129910954031555;0.002798584946101428;-0.002954610884685213;0.0001278310672759035;0.0004096033203286413;0.0017948309111346888;-0.0021627676575168837;-0.015586443624586768;-0.008662366122451734;-0.0007622563113047434;0.00193638042628455;0.004723810280199194;-0.002154284608066391;0.004218552689161465;-0.0049561798621774395;-0.008462517201834798;-0.00222305408206253;-0.003113714767931389;0.0008903801312045285;0.0022527873766877956;-5.5170741294096205e-05;0.00137897485411253;0.0012657081432779476;0.0020197554166306855;-0.00018606641995010302;0.0010968712221207126;-0.046025619899690416;-0.02304665603036334;-0.00032719891459270285;0.0001335208090536673;-5.087205904226891e-05;UF[AC]
-0.001490110634109903;5.583451812460304e-05;0.0002316286895256673;-0.0001405289027072612;-1.9328554025714664e-05;0.0008722338544836354;0.0008879229644837575;0.0028256449069161854;0.23968616059745013;-0.005678758595091127;0.0018030782714978206;0.0011690682308395965;0.0029579360990355684;0.0025616142422479923;-8.745582418797733e-05;0.005976200521600575;0.005938785761081827;0.0031155858600070904;0.002402661731840592;0.0022692679670029874;0.0031719712928516804;0.0022364476481337905;0.0051131081376789185;0.001738837060530133;-0.004996611460142301;-0.0003892584902468581;0.0017780525771633558;0.009280364729800329;-0.0025618513331463312;0.017803270963341996;0.0006471384803329727;-0.0025371361163353404;0.0021416157166474527;0.007647327738607678;0.0006636116776154909;-0.0025194218680579597;0.0016084771074417956;-0.0034774073776409693;-0.001719179369590008;-0.0005311005290103785;0.0024160138780560357;-0.0002261923721251133;0.006409592261590503;0.0010823562370038176;0.007925217989544186;-0.0033786470183539146;-0.003500023223961444;-0.017053564330055688;-0.0024594956656969905;-0.06371814053776588;0.0012710741710556344;-0.00048725046531435134;0.0006683291651360037;-0.013574331909871592;0.00449091390085824;0.00017383042992230897;0.006100070078916568;-0.013997307256687042;-0.007530141880550269;0.001013545120186752;0.003932995969268632;-0.0012978942840775427;UF[AM]
-0.002049248850078652;-0.00018214733284008908;-0.0008599046686386494;0.000663861968209971;0.00016535347683232986;0.0006832663478194305;-0.003823671961417022;0.006099783519016077;-0.005678758595091133;0.03511492022622648;0.005871252725127914;0.003004315470760483;0.004531645855254577;0.0031116012511442875;0.008907196582580908;0.0022846896213708037;0.0027425671090780626;0.003464170478518491;0.0034658348053583253;0.0048507615347377925;0.0041974468916075374;0.007096126754293375;0.004028098290843434;0.004239515428046742;0.0066278767269439135;0.005815909171667576;0.0038794310286287617;0.002047735598586308;0.008047216209962798;0.0017632134037830456;0.005360340844246345;0.0021719848344948357;0.001907986481892481;-0.025427506806983257;-0.00011311321015200826;0.004300518984648818;0.0009314181043911562;0.00020038949520797926;-0.004136378359618356;-0.0026935614294359795;-0.0016762519898349617;-0.0013296219531214878;-0.004762753015292712;-0.008823066935151473;-0.0075301808377902565;0.005108959793040094;-0.0010526672391536142;0.010055375559688927;-0.002620028145664043;0.010503566846776632;0.00012001284581192782;-0.0015412827589413624;-0.001635706676764347;0.017616173012730066;-0.010738917448283815;-0.0007856541943903218;-0.0013976362626154108;-0.04470831016548437;-0.022431354627946924;-0.0020553059890567227;0.0005080563255744985;-0.002286348238358696;UF[BA]
-0.0015798500796445588;-0.0004625171392554516;-0.0003453048043202156;0.00024473971462828087;6.755111220688131e-05;-0.0140256274094041;0.030893982937009117;0.008955940551014766;0.0018030782714978154;0.005871252725127921;0.08500738247514664;0.0064468255416061685;0.005223830983947917;0.0026403016236844793;0.002850484582347643;0.004061388996217704;0.003100878339081899;0.0029598576270674255;0.00510311462352411;0.005863688802167214;0.00583663689772866;-0.005221293934543094;0.005530707000908568;0.0032427311115106137;0.00256800859954657;-0.010718732006243;0.0023270152343064002;0.00387824658122155;0.007139017926847442;0.003498957395406908;0.003877935165433969;-0.0026410700733283544;0.002356330123736402;0.0019730363930217567;0.00029900080856767896;-0.003552521370790832;0.0016996867747025987;-0.002594071537434218;-0.007399607159819742;0.001007059793609975;0.0008455415761278242;0.0012475175758796466;0.0030568002632271668;-0.0035632917008222623;0.0034768861483930303;-0.004243692640535709;-0.013208403617645212;-0.0018401775862950602;-0.0034991789541821395;0.0015672775011892155;0.00014305179833177132;-0.0014600421523349354;-0.0008273238278146094;0.0058251301206055;0.002246064068322619;-0.001711137937124135;-0.0004466060847436025;-0.05103957558856135;-0.024115878818857885;0.00015604962019622422;-0.003467633596138727;-0.001230063120284722;UF[CE]
-0.0007648348034840887;3.3433386976126534e-05;-0.0003216199888875089;0.0002530777247915422;0.0001666206951958436;0.00314511603948705;-0.006287509999179944;0.0029529581127845685;0.0011690682308395932;0.003004315470760488;0.006446825541606165;0.47267598924043575;0.0034811007594833638;0.0018356636610615408;0.006987226894752203;0.002605048645569934;0.0012074854990263262;0.0025320940253875024;0.0011429002632531925;0.0022278863366234094;0.0049098430738397;0.03202140075380402;0.0030211107273763714;0.0011596275847859413;0.006595176030322167;0.0036717844532996044;0.0031298401637120652;0.002026032913831115;0.007658978262314448;0.0019407176838369094;-0.014597232756664006;-0.0017033058959807965;-0.0006228466466840492;-0.001466966343857739;-0.0016420250041288434;-0.34400691995967164;0.0015005753387023928;0.004794118990432899;0.012530528601900745;0.026793762327864783;-0.003792605726802158;0.0012652991117505397;-0.0015728808714508165;0.0008240500525529222;0.00029723874106247524;-0.0017454470442355178;-0.0006705301954767276;0.000555498853408538;-4.370085864828088e-05;0.0031143015229484587;-0.0003118363539225666;0.00015424029156537765;0.000505323635054505;0.003927867539866979;0.001176371324874919;0.0002840646534385559;-0.00015713059927038823;-0.005964680123014601;-0.0031955254199801868;-0.0014705370036075715;-0.001684734610434975;0.00021354997066977093;UF[DF]
-0.0015382700400358293;-0.00014409691520388902;-0.0003564091231902698;0.00028404942035449717;5.008690272057699e-05;0.0010530050126202131;-0.0008482002539283261;0.005111949443921165;0.002957936099035569;0.004531645855254585;0.005223830983947919;0.0034811007594833633;0.027666207689071676;0.0022385938237448107;0.004844349125526316;0.0034523996953311448;0.003572677746421773;0.002554133794181219;0.0030965031731874804;0.0036595935330778376;0.004213964166101;0.004420106141077671;0.004225813879772559;0.0023148834688319414;0.002031295544036284;0.0020520122637133716;0.0029272160672669106;0.0035465600102940185;0.003843182739166891;0.0024931867101033026;-0.005240019512415165;-0.0009166294516135413;0.0014457385526644028;-0.002311025656558586;0.0004873631936110339;-0.0013202464025752043;0.0010930930457546768;7.855048484446778e-05;0.0037695421921939963;0.0051305455889955635;-8.555491260340412e-05;0.0008316339813875594;0.002257974542569191;-0.0010217739474866208;0.0025059005223956013;-0.0026070425428196316;-0.004856680802781865;-0.0026289047756791794;-0.002712115398476083;0.0001342012947278999;0.0005516100609141514;-0.00014695621509931326;0.0004546363121427878;0.0012079771268171968;0.0009603281342516829;-0.000219697327199928;0.0006765958334417835;-0.029017612299667643;-0.015197075384491361;0.0010282876928406433;-0.00010486291040377238;-0.0005503044559472173;UF[ES]
-0.0017396467418726526;5.878797533490265e-06;-0.00023303759919508015;0.00019251730938755975;9.820834587857901e-05;0.0005542350044794267;-0.00037681306126722186;0.0024799215973823753;0.002561614242247996;0.0031116012511442914;0.0026403016236844785;0.0018356636610615427;0.0022385938237448155;0.0217898428183702;0.0023122577313112627;0.0022780958453333198;0.0018806894934423218;0.002080962669961165;0.0023363023853531354;0.002142012881362595;0.0026819148819265714;0.002280772297914903;0.0023283463074358236;0.0019911483716613687;0.000555795231709785;0.0017093531855779775;0.002139521066774671;0.002493624860758544;0.0018547353636723342;0.002226526646476683;-0.0006952879655194785;-0.0001895396356661176;0.001116340482106427;0.0008860219266180979;-2.671190005180764e-06;-1.8378917477808298e-05;0.0003341807441162828;-0.00023165020589516587;0.0011696952133234497;0.0013724648135233944;0.0002398136770055248;-2.6067657368796993e-05;0.00035965335319050254;-0.0001553457617197353;0.002285229115677555;-0.0010186425525309888;-0.0020537439499046513;0.0004569886281614534;-0.0006570114645296454;-0.0011809842202718064;-5.52497190497601e-05;0.0002485921204843435;-0.00043117273530708536;0.0005279885989650118;0.0001688302569891138;-0.00017885643313837624;0.000555408300063698;-0.01291829356133158;-0.00709255962042386;0.0005963422023163723;-6.687867308648132e-05;3.324632219117349e-05;UF[GO]
-0.0013425963829290374;-0.0007399709105964792;-0.0012206422270711495;0.0010054495553807657;0.0002772741605511928;0.016642322569832665;-0.0268743404444119;0.00810412631905585;-8.745582418798043e-05;0.008907196582580917;0.0028504845823476453;0.006987226894752213;0.00484434912552632;0.002312257731311259;1.2284651175710906;0.004441315503163949;0.003982103293090172;0.003818081374330343;0.0037614161773749503;0.006126751892352813;0.00812035932062286;0.01857911586680159;0.005428174924861956;0.00235226849094779;0.007739430690232135;0.01403925765284788;0.003844419272403737;0.004894206896126652;0.01287691896705074;0.0033100434809627387;0.0079572846513835;0.00031423650173300173;0.003870028766616269;0.008967188990998597;-0.00056691870478695;-0.0020786405693323;0.003987945835736707;0.0007175021041098582;-0.009406216856626159;-0.006461287536621768;-0.0015704855835580321;-0.00017543895197285383;0.002755795492151766;-0.0023478576137083906;0.0003628989660304981;-0.005039447877951714;-0.008195141955314345;-0.0008931622127019026;-0.003137904623546984;0.002502235174774181;0.0002335478706961657;-0.00034415268317066595;0.0017635581881765595;0.00346411093451387;-0.0001566955457956234;-0.00036632544067959305;0.0019428780481622623;-0.05634344770431008;-0.028397545915441826;-0.0028621813636188318;-3.8048780566708545e-05;1.7318953644367372e-06;UF[MA]
-0.0019454403215159743;-0.00019321129658312052;-0.0003789183912548496;0.0002978349053951253;-2.2704583052639282e-05;0.0007530257915289863;-0.0008455633834978689;0.0041336028987700914;0.005976200521600574;0.00228468962137081;0.0040613889962177055;0.0026050486455699317;0.0034523996953311435;0.0022780958453333124;0.004441315503163947;0.010840406262842057;0.00398814173365277;0.0025290991670698696;0.0030860447655727545;0.0032630068162536768;0.003447976926257534;0.004030643347579049;0.004313418853885328;0.0021281915121634984;-0.0004569486203768937;0.002754602942217938;0.0025764931582153068;0.0038823742401680197;0.0012965149953801836;0.0031274523228755906;0.00406142346408218;-0.0008596120529220735;0.0018864939602236076;-0.0014825829061047367;0.0008918112119143146;-0.0013047462553148095;0.0008717449378299591;-0.0010948885886501408;-0.007254246617709022;-0.0030676219053215673;0.0008500224094065428;0.0002889382305848286;0.002919952392557366;-0.0005682062367696391;0.003761749537424397;-0.001842290048128452;-0.004073989210881159;-0.005243658892934743;-0.002801851725388592;-0.003957000402027659;0.0004087226770680122;-0.0005031338124076563;-0.00015221851905887276;-0.0012814106970250314;0.003956046990125455;5.8043957696004626e-05;-0.00010017118217366565;-0.025359152319544977;-0.013493759993751478;0.0005762416889777319;0.0006604800974084749;-0.00010899985146083216;UF[MG]
-0.001433926387474746;-0.00017287667093192097;-3.798435273842809e-05;2.719323359529453e-05;2.227446622193183e-05;0.0008182346112684905;-0.0030577159935347552;0.0036208619090887548;0.005938785761081822;0.002742567109078066;0.003100878339081898;0.001207485499026328;0.0035726777464217744;0.0018806894934423196;0.003982103293090172;0.003988141733652774;0.018027785426156608;0.0023263585073849866;0.00264683520866799;0.002879646095323162;0.0029676077414331134;0.004761925721564319;0.004496799585268319;0.001984936184889361;-0.0010651647314359502;0.004284513111415865;0.0023917533236857552;0.0039304496028599615;0.0001374935133757945;0.0026935255514967584;0.0016826659406978073;-0.0015575108818555274;0.001261926568216211;0.00025497967340834104;0.0013567854321508146;-0.0011306809717947905;0.0009146500601155794;-0.0016607933813889938;-0.0036001008232953782;-0.001193243492035807;0.0017230698873947773;0.0008111012593835992;0.003325018928624289;-0.0005129963758897823;0.003545477847568386;-0.0025119498489688977;-0.0040146237427178735;-0.006247325866659658;-0.003862903994335709;-0.00437755192807228;0.002857500411713264;-0.0003297494016600938;5.3151578392791066e-05;0.001400860711269383;0.0012761169770048836;0.0021770497038855275;0.0006134653875304276;-0.023422184234423393;-0.012358360209181478;0.002077598067983004;0.0002662019593759902;-0.0004575403135263617;UF[MS]
-0.0016561322088462162;-9.461235357553548e-05;-0.0002526265926998106;0.00020478631828216507;9.162041591961711e-05;-0.002720049811474064;-0.0009341063027863465;0.003253140638188696;0.003115585860007087;0.0034641704785185017;0.002959857627067431;0.0025320940253875006;0.00255413379418122;0.002080962669961161;0.0038180813743303454;0.002529099167069872;0.0023263585073849857;0.007805308714402292;0.0025138729019651236;0.0025206184411301976;0.001256188810924626;0.0033362199302955186;0.002713264194899562;0.0020223123000909483;0.00154059516573283;0.005427673565486542;0.0021755590306617267;0.002760337952288449;0.006406910955171385;0.0026864206237476877;0.0008838685658846623;-0.0014829637432235883;0.0011624269280904518;0.0012857782967204603;-0.003153229217321657;-0.00021836427289609797;0.000658172276951391;0.0001373388448178603;-0.00045006771714497585;0.0007422417059714181;-0.0004011818555317426;-0.0002524763766323694;0.0004619903266981723;-0.00019122490763149946;0.002302040305695063;-0.0016169475626603826;-0.00269801216172479;-2.9754623658682535e-05;-0.0008641627352178481;-0.0018394838506303284;-4.4275843086520626e-05;3.762321205957492e-05;-0.000500699819583271;0.0014591852008270974;0.0003349251386681874;3.698402209659098e-05;0.00022105728792063827;-0.01525881611695223;-0.008164636004276577;0.004567263038970812;-0.00021646009236748196;5.892943638689379e-05;UF[MT]
-0.0026516275986412756;-0.00017900348351339277;-0.0004831487709070037;0.00039032402529063764;-0.0001285571543767526;-0.0012195302258689688;0.0019462969597194716;0.005028276323627663;0.0024026617318405933;0.0034658348053583383;0.005103114623524115;0.0011429002632531921;0.0030965031731874817;0.0023363023853531333;0.0037614161773749572;0.0030860447655727567;0.002646835208667991;0.0025138729019651253;0.2808267834877574;0.003769740624025124;0.0023761420595420774;0.0037548288771758567;0.0033122155337337316;0.002162027265191207;0.0007465320181409958;0.0023056089506941846;0.0025297109907582494;0.003304653728546629;0.0022949510024588655;0.0026649005291472863;0.0034062392391810783;0.00035429083677563077;0.002191801295398959;-0.0016341978380360162;0.00046063900676482724;0.00034924826726844064;0.0012609523252262026;-0.0002173408575846968;-0.0036197161988171973;-0.0010464538731722298;0.0010466940034420675;0.0002902935754707625;0.0024358671910486114;-0.0003990986938005033;0.0029888141917250822;-0.0019234093067613727;-0.004531318354441137;-0.0008579036340701285;-0.0015296957951140629;-0.00027786629133841627;0.000948075236550114;5.895609768112871e-05;0.00036572989208362905;-0.000388253905038731;0.0004479134898222254;0.0008818610368125867;0.0009180271204072745;-0.02779764775034645;-0.014621716508075566;0.00021423021017354495;0.0005720846583524141;0.001526645496651621;UF[PA]
-0.0022317116405396287;-0.0002749875073062391;-0.00048646814249245825;0.00039658884286757686;-0.00017801587986743806;0.0012579021501483922;-0.001179576255623305;0.0068319801193828505;0.0022692679670029887;0.004850761534737804;0.005863688802167214;0.002227886336623408;0.0036595935330778397;0.0021420128813625923;0.00612675189235282;0.0032630068162536803;0.0028796460953231635;0.0025206184411301967;0.003769740624025125;0.6192608979782838;0.003640738520204077;0.005853546783801983;0.0038963089935609707;0.002043602389469098;0.001537962583535231;0.0027729440367179692;0.002558749845037179;0.0035159220077884672;0.0042298749662940255;0.0027007983946895314;0.0061875568794056745;-0.0003284688931541445;0.0023369494023399327;-0.0012220647946603626;0.00035343219580539684;7.697578086949793e-05;0.0015361028182584488;-0.0015083214046945985;-0.007337244134827391;-0.0033588817719632184;-5.7596982054167705e-05;0.000533423953148288;0.002769244481952092;-0.001135891318216665;0.0034432390793120906;-0.0026759859304627807;-0.004605141704739027;-0.0012907889771676512;-0.0023964738675520633;0.0001197549496156274;0.0011375492735316696;-0.000733802784114882;-6.491779797144238e-05;0.0007798945420447321;0.0008051409146997968;-0.0008313104640600969;0.001000108188090082;-0.02894317899445632;-0.0145664481507247;0.0005656900362632702;-0.0028705980891844713;0.005583802947330783;UF[PB]
-0.002082909176292604;-0.00026927357060216274;-0.000701074433671638;0.0005518631026693949;-0.00014715939271549367;0.01984318449904365;-0.010306168215168582;0.004498109751854227;0.0031719712928516817;0.004197446891607544;0.005836636897728659;0.0049098430738397;0.004213964166101003;0.002681914881926573;0.008120359320622859;0.003447976926257535;0.0029676077414331112;0.0012561888109246262;0.002376142059542079;0.003640738520204077;0.14087253228886673;0.004710447625674639;0.004150292836350231;0.002155406507313331;0.0028736763705594893;-0.0055608917641061665;0.003288599763140321;0.0032367863238668177;0.0032092858102364106;0.002959889651597467;0.0038848573813056045;-0.0008036047587837875;0.0002209740937463165;0.000130035021267103;0.0010644585424255098;-0.0011144349384472787;0.0010913268734758746;-0.0006230709416966006;-0.0055704342713442075;-0.0037181610902754206;-0.001918988723625088;0.0008857098982855658;0.0007501372755329725;-6.820967420446404e-05;0.001995381022756059;-0.00028023520750531316;-0.003518252961338777;-0.0009454083426953734;-0.002635930258446373;-0.0005864494337480984;0.00026418743416698224;-0.0008604738241435861;-0.00011856048045005916;0.002616668301639849;0.0019182546363595613;-0.0006275387606764784;0.0006609948679274846;-0.024279418878320483;-0.01237991824588054;0.0005272834282344049;-0.0009679601008057312;-0.0007775104598215637;UF[PE]
-0.002883077132566799;-9.804393839241481e-05;-0.0007316207243590123;0.0006091670303427259;-0.0002690518027391327;0.027690492502412956;-0.04779096268517758;0.009826385284890233;0.0022364476481337918;0.007096126754293389;-0.005221293934543084;0.03202140075380401;0.004420106141077675;0.0022807722979149006;0.018579115866801593;0.004030643347579054;0.004761925721564316;0.003336219930295522;0.0037548288771758567;0.0058535467838019785;0.00471044762567464;0.2011680221114501;0.004821567864526293;0.003152630859455765;0.0017915186099140383;0.019730022389480295;0.00400063971065803;0.0045395228235533035;0.005383623049555627;0.0032421600841411537;0.008300579859395075;-9.482574905162827e-05;0.002380021546543052;-0.0057338460240884065;6.188922493862085e-05;-0.02955343031624026;0.0013237676556210913;-0.0019984445691462135;-0.009930009223986808;-0.0012484798607684921;-3.7077820477553256e-06;0.00024749652265696745;0.005411962919173778;-0.0020377348517423926;0.004532786046653279;-0.004097332647939302;-0.006728585805134259;-0.001676392441647268;-0.002878689876019613;0.0012641657351612678;0.0022968671808291023;4.297400262157699e-05;0.0007525200055396391;0.001768961939643904;0.00016356079054587463;0.00047039796263236645;0.0011502087465031893;-0.040681759791304305;-0.020383943754637424;0.001069904071741571;7.778838628714493e-05;0.00023562967250666253;UF[PI]
-0.0015425535316800662;-0.00019912386592156047;-0.0003108037514863999;0.00024543698577073286;7.898620195279659e-05;0.0013439526962652846;-0.001010901904364989;0.005341094024032214;0.005113108137678918;0.004028098290843442;0.005530707000908568;0.0030211107273763714;0.004225813879772563;0.0023283463074358197;0.005428174924861957;0.004313418853885331;0.00449679958526832;0.00271326419489956;0.0033122155337337307;0.0038963089935609694;0.004150292836350228;0.004821567864526286;0.006933700101436055;0.0025477526431686047;-0.0015109372894257169;0.002322126159152015;0.002833082570743019;0.004134326603830026;0.0023381422887405866;0.0028758905477276084;0.002006751218283372;-0.000551415517476241;0.002274611768586855;-0.002440775135129562;0.00042542171621089635;-0.0014124880045151573;0.00020409612268112138;-0.0015081439920049734;-0.003384222229462016;-0.0010683287200388269;0.0008168788948712262;0.000418569152639774;0.0020547021014191507;-0.0014878710361370126;0.005781271576832533;-0.002912925671241537;-0.005521969423129164;-0.0058252603326594075;-0.003788720099871833;-0.0018819158297158063;0.0007069346972439451;-0.000544624167418831;0.0011121746436532408;-0.0002338250614438938;0.0015657829994021903;-0.0004094869731562194;0.0011198074022409797;-0.032755438116712575;-0.017477435025299356;0.003950973892937587;0.0002766105468683807;-0.000549324545419987;UF[PR]
-0.0013105409452353347;3.558184230675581e-05;-0.00018802518239869012;0.00014924275694387843;0.00017146373934560585;0.0005479488389696795;-0.0003740787968170708;0.002679061956685972;0.0017388370605301343;0.004239515428046754;0.0032427311115106167;0.0011596275847859424;0.0023148834688319422;0.0019911483716613656;0.0023522684909477957;0.0021281915121635015;0.001984936184889362;0.0020223123000909496;0.00216202726519121;0.002043602389469098;0.0021554065073133306;0.0031526308594557644;0.002547752643168609;0.03382734164026188;-0.000320184340236322;0.001384023004075016;0.002236339675808798;0.0021324818521512284;0.0013610393040018175;0.0007794907132601954;-0.0018477036512540607;0.013148505401310273;0.0011275951612500729;-0.000264374782478682;0.00030448843549784243;0.0008562844926367428;0.0003487949646999176;5.416894315747651e-05;0.014861168684897194;0.013690294361817646;0.0004226541020887867;-0.012721232805569643;-0.0024207200789797814;-0.0019825513082132665;0.0018918664549984424;-0.00018984959198453685;-0.0014357751111859392;0.0005725513337800803;-0.001000007286271662;0.0008303127660179529;2.51177746541684e-05;9.001167170870593e-05;-0.00025397435350263826;0.0014685602068519677;0.0005303345948589653;0.00016130076600688465;0.00041020204372117607;-0.014199397475907273;-0.0077701374676258875;0.0015288537540867036;0.00019471930572636983;0.0003815714705106719;UF[RJ]
0.0001582675262934598;-0.0004276433727343897;-0.0010280432822047318;0.0008395063074414913;6.132805736513179e-05;-0.0005513527006889062;-0.0011219625371025788;0.0038767350566175623;-0.004996611460142302;0.0066278767269439065;0.0025680085995465735;0.006595176030322168;0.002031295544036285;0.0005557952317097861;0.007739430690232144;-0.00045694862037689237;-0.001065164731435954;0.0015405951657328327;0.0007465320181409922;0.0015379625835352361;0.002873676370559489;0.0017915186099140363;-0.0015109372894257156;-0.0003201843402363206;0.31134283092805703;0.0030506733979869982;0.0017056522956258753;-0.0005685330898865346;0.03772387987642449;0.0001365694338284394;0.002174217633031492;0.0014192684764551804;0.0010158661410416094;0.02208849969148778;-0.0021576560988769236;-0.0015068110375991669;0.0024393437888162134;0.0032962286067176067;-0.001952544824163932;0.004821522014353553;-0.00594299574116909;-0.0015105239784588339;-0.0015101882746252895;0.002089106533403119;-0.05671857442780737;-0.0035674449097576086;0.002438283910189115;0.007082893428764106;0.0014615986767312474;0.007186041181956283;-0.0004613129828407172;0.0011823498237793866;0.001624354296206592;0.006441082258785769;-0.0005298856077137872;-8.985028783568777e-05;0.00012408459899748781;-0.013375295504306437;-0.0032211593993262456;-0.03442428577246652;-0.0021380584045785126;0.00019642222488499853;UF[RN]
-0.0025646845107077233;-0.00022735327172348788;-0.00033561357059017305;0.00029331614860653453;-1.1686800865221478e-05;0.00789257189994085;-0.041088839011095835;0.002870211851184973;-0.0003892584902468636;0.005815909171667583;-0.010718732006243004;0.0036717844532996005;0.0020520122637133708;0.0017093531855779747;0.01403925765284789;0.002754602942217945;0.004284513111415858;0.005427673565486544;0.002305608950694189;0.0027729440367179705;-0.00556089176410617;0.01973002238948031;0.002322126159152015;0.0013840230040750134;0.003050673397987002;0.2193644690298735;0.0027737980372706775;0.0031528599155161846;0.006186476012955396;0.0015633897838023198;0.0052566465121627;-8.295964420036306e-05;0.001376990957880976;-0.0009221028054498805;-0.002232457309461694;-0.0012751888884578759;0.0010197445298934518;0.0005042630127392436;-0.004565297580687598;-0.002463807307628308;-0.0006441268094309321;-0.00032749027016735463;0.0023911728249761395;0.0007401568756805669;0.0008484324988301181;-0.0014124554966944006;-0.0018459227807217367;0.0013454716435936217;-0.0004020636017402173;0.0022342160768666756;0.000643338226614814;0.00017956567034943603;0.00023450543549837324;0.00261701853470631;-0.002012389733578681;0.0011382626560749837;0.0010774387191088573;-0.017479243125617768;-0.00857881654286408;0.00015102772947644488;0.0008820940896410704;0.0008003299990337163;UF[RO]
-0.001614627285081158;-5.4218906022924066e-05;-0.0002812464907609803;0.00021971965050145443;0.00012018285466822097;0.0023670981391136748;-0.003132508404551924;0.0031777909134370393;0.0017780525771633605;0.0038794310286287734;0.0023270152343064067;0.0031298401637120687;0.0029272160672669145;0.0021395210667746714;0.0038444192724037467;0.0025764931582153163;0.0023917533236857596;0.0021755590306617332;0.0025297109907582546;0.002558749845037185;0.0032885997631403245;0.004000639710658034;0.002833082570743026;0.0022363396758088034;0.0017056522956258769;0.0027737980372706827;0.008614143566010812;0.0026486135961295443;0.002634257768067795;0.0019024280967468957;-0.004214049986206934;0.0009211770205198744;0.0014111371857538932;-0.00014815550862699325;0.0004283412855635211;-0.0014592685678797947;0.0005330326345394442;0.0002258236623107235;0.004843424591749067;0.005062116605166946;0.00031273475128973084;-0.0003677476842536179;0.0008516952698989456;-8.164642969561489e-05;0.0019081161302275844;-0.0020644205109440206;-0.0034251622821906565;-4.080698341246807e-06;-0.001419479173256427;0.000524310000915303;1.3770236111449645e-05;-0.00036429347135447446;-0.000430214666459306;0.0013647739089235548;-0.0005545998169535979;0.0002787118226592343;0.0009625177630641738;-0.018694495364076653;-0.010118999937453781;-0.0001471098066607308;-0.0001045284103275413;-0.0007675697332766182;UF[RS]
-0.0022995061748323684;-0.0002531643884923705;-0.0008373961885902017;0.0006675615747596946;-0.00012564009331978183;0.0008373888179879111;-0.001221630704326087;0.004336782701361088;0.009280364729800317;0.002047735598586311;0.0038782465812215497;0.002026032913831108;0.003546560010294015;0.002493624860758535;0.004894206896126653;0.003882374240168022;0.003930449602859956;0.002760337952288444;0.003304653728546619;0.003515922007788461;0.0032367863238668125;0.004539522823553297;0.004134326603830022;0.0021324818521512236;-0.0005685330898865421;0.003152859915516175;0.002648613596129535;0.024037314750391225;0.001422830353920248;0.005304714884768526;0.003010322875770215;-0.0028485010854314187;0.0009867254256828262;0.0032274136224026153;0.0005425978339611718;-0.0009873815687411194;-4.7309739466424844e-05;-0.0031911813544120856;-0.004899643579263907;-0.002044856324578587;0.0008196516431270607;0.0007086291718326928;0.002845687248279588;8.180204136512212e-05;0.004197338792071176;-0.001784021185802982;-0.0034092634166090017;-0.003544231588732249;-0.0027190255484535984;-0.01188541724745037;0.0002754171325611687;-9.619045536223254e-05;-0.0011610764478993685;-0.002108178244975452;0.0015200108950900292;-0.0005193713922257353;0.0011160114685288974;-0.027263493207736814;-0.014669427906155259;0.0009111040654828714;0.003666524697788964;0.00013659873532421656;UF[SC]
0.0008484387146292618;-0.0005731026476083877;-0.001345862213213115;0.001102187705971807;0.0006456838670792149;-0.0011035164745015718;-0.0024615850336267625;0.007689475185072623;-0.002561851333146329;0.00804721620996279;0.007139017926847446;0.0076589782623144535;0.0038431827391668936;0.0018547353636723391;0.012876918967050746;0.0012965149953801834;0.00013749351337579213;0.006406910955171385;0.0022949510024588603;0.0042298749662940316;0.00320928581023641;0.0053836230495556215;0.002338142288740586;0.001361039304001815;0.03772387987642449;0.006186476012955391;0.0026342577680677944;0.001422830353920255;1.2810689024551136;0.0025821790053098073;0.0007960061237124946;-0.0006035182877222108;0.0023602966971529808;0.02676671554268897;-0.07906610785589419;-0.0011130174741775236;0.004380008715381519;0.002451463094094916;-0.001929643101690882;0.006281746340031146;-0.005765505621834957;-0.0006906388319809935;-0.0013082358976899376;0.0008168496057623009;-0.02710367281285956;-0.009345690786424709;-0.008342204660040254;0.005768553129253549;0.0003183337475714286;0.005011562886749015;-0.0016423976779004457;7.119641616569495e-05;0.002086319207891786;0.006264037584378057;4.93437255606451e-05;-0.0004175668119576234;0.00041653376747059317;-0.03664612025076298;-0.01707530502163958;-0.01731381568723552;-0.003017315587062138;5.194713626195306e-06;UF[SE]
-0.0018273358608472446;-8.858751158507244e-05;-7.86831457786323e-05;8.2495660376083e-05;-8.860807627440216e-05;0.0004914478197094352;-7.787196153809445e-05;0.0042585614988984504;0.01780327096334199;0.0017632134037830548;0.0034989573954069112;0.0019407176838369098;0.0024931867101033074;0.0022265266464766838;0.0033100434809627466;0.003127452322875598;0.0026935255514967606;0.0026864206237476925;0.0026649005291472893;0.0027007983946895323;0.002959889651597468;0.003242160084141156;0.0028758905477276114;0.0007794907132601994;0.00013656943382843714;0.001563389783802323;0.0019024280967468935;0.005304714884768534;0.0025821790053098042;0.2232712413038345;0.0036795306664387543;-0.005267427274032152;0.0015013033783642608;0.002790490953455402;-0.0003514008117077781;-0.00028537074304941606;-0.000833458589076269;-0.0009533653541558584;-0.008710642722598218;-0.00683239341796632;7.27475763724087e-05;0.004885853213779853;0.001599006295494882;-0.00031511902504532886;0.003459240289456436;-0.001750512382098771;-0.0022315233681173066;-0.0006129563126556737;-0.0010780498177941035;-0.031223568173362668;-0.002326808442653992;-3.051766092237157e-05;0.0005126140811757347;-0.0037669919650298554;0.001238139171480495;-0.00015904417997661947;-0.0026067450229499017;-0.01218395954947746;-0.006965772723357878;-0.0029403081387661487;0.0006652816721838584;0.00012698186414553274;UF[TO]
-0.007883875487159723;-0.0010230159725220418;-0.000462878346939636;0.0003411020495071771;-0.00300186355849694;0.0003073375530824979;-0.0013332787611273612;0.012196703352180305;0.0006471384803329719;0.00536034084424634;0.0038779351654339633;-0.014597232756664006;-0.005240019512415163;-0.0006952879655194801;0.007957284651383472;0.004061423464082179;0.0016826659406978105;0.0008838685658846579;0.0034062392391810852;0.006187556879405671;0.0038848573813056063;0.008300579859395078;0.0020067512182833694;-0.001847703651254065;0.0021742176330314914;0.005256646512162706;-0.004214049986206938;0.003010322875770211;0.0007960061237124883;0.0036795306664387517;0.18637003781353528;-0.0034421245171266436;-0.0003369790894898268;-0.0010649088169685742;-0.0008561422345854634;0.020054029322175565;0.000353455614842774;-0.02299564969116815;-0.19018357696599603;-0.15872445199553556;-0.003477069773035767;0.002067571404079198;0.0058060891129291465;-0.00552572780480782;-0.010582711730875128;0.014909075659519364;0.006396762928634856;-0.0049608055066597155;-0.0015819989478389525;-0.004924139894769178;0.006690994275671841;-0.000611459875203585;-0.001871415528712849;-0.001457361911033452;0.001227973333981382;-0.001254656245605973;0.00022954878532171547;-0.01346589193052281;-0.0011211023654172127;-0.007254722854819871;0.00021304686522266122;0.0005679749451151403;Modalidade[CONCORRÊNCIA ELETRÔNICA]
-0.00030848866479172166;-3.829367104513205e-05;-0.0001500140753180367;0.00013919540636059575;0.0002828616916892076;0.0008235047848727223;0.000615383042015336;-0.002129910954031557;-0.002537136116335343;0.002171984834494836;-0.0026410700733283535;-0.0017033058959807993;-0.0009166294516135417;-0.00018953963566612357;0.0003142365017330033;-0.0008596120529220737;-0.0015575108818555307;-0.001482963743223589;0.0003542908367756298;-0.0003284688931541485;-0.0008036047587837901;-9.482574905163178e-05;-0.0005514155174762409;0.01314850540131027;0.0014192684764551833;-8.295964420036764e-05;0.000921177020519868;-0.002848501085431421;-0.0006035182877222114;-0.005267427274032166;-0.0034421245171266427;0.16873867774038875;0.005993647595928817;0.005149431428679862;0.001421681775562621;0.0020673943209020356;0.0010900098554051901;0.002744009822302052;0.04313424572881802;0.04114166859647637;0.0007792816505681633;-0.03836454884093646;-0.002195281275124234;0.0001401594724249622;-0.0021899489941438833;0.0005634287399684712;0.0006661987593051468;0.0027484595523394185;0.0005091133512641442;0.003509475093096213;-0.0007926389091449693;0.00022626945968777236;2.2508323408587883e-05;0.0007920522846535039;-0.0018758059158869621;-8.712468885520935e-05;0.0009218442621434969;-0.0016787305861360527;-0.0013149356416391766;-0.001513493506723515;-3.389259711483703e-05;0.0003507396756508443;Modalidade[CREDENCIAMENTO]
-0.00046133038057708995;-0.00023395520330058385;-0.0003555017579098413;0.00029915742082480554;0.0002429218827370787;0.00044173113701882245;0.0003762290127862251;0.00279858494610143;0.0021416157166474527;0.0019079864818924849;0.002356330123736403;-0.0006228466466840485;0.0014457385526644023;0.0011163404821064242;0.0038700287666162667;0.001886493960223608;0.001261926568216211;0.0011624269280904505;0.0021918012953989585;0.0023369494023399292;0.00022097409374631567;0.0023800215465430486;0.0022746117685868554;0.0011275951612500718;0.0010158661410416096;0.001376990957880972;0.0014111371857538912;0.0009867254256828262;0.00236029669715298;0.0015013033783642577;-0.00033697908948982674;0.00599364759592882;0.00789312952694216;0.003234818455356386;0.0012507831853437882;0.0006942463809853947;0.0020617613062421606;0.000575987009447471;0.005383964128720518;0.008154878618737793;0.0016422812240889687;-0.005301673753335266;0.0025189917818437364;-0.0011971934628003775;0.0011910060151147028;-0.003166048026258456;-0.004507974416510945;-0.0019479810288713035;-0.0023038204139620494;-0.0011829683066572206;-8.811816161051836e-05;-0.00023778281228782868;0.0004172402051683386;-0.0009040553831443684;0.000797154949425033;-0.0005050499922818423;0.001425454020263954;-0.02644804647684158;-0.013995863989806291;0.0004371429762599126;0.00037948849274984726;-0.00044536716359013965;Modalidade[DISPENSA ELETRÔNICA]
0.0073834759369198;-0.0007448372619758422;-0.0013007101895862875;0.001068078652298703;0.0027693567840488846;-0.000857962776884828;0.005781037361491583;-0.0029546108846853158;0.00764732773860768;-0.0254275068069832;0.0019730363930217003;-0.0014669663438576755;-0.0023110256565585;0.0008860219266181078;0.008967188990998647;-0.0014825829061047343;0.0002549796734083479;0.0012857782967204722;-0.0016341978380360084;-0.0012220647946603964;0.0001300350212670877;-0.005733846024088405;-0.002440775135129609;-0.000264374782478689;0.022088499691487646;-0.000922102805449755;-0.00014815550862698154;0.0032274136224026266;0.0267667155426889;0.002790490953455362;-0.0010649088169684532;0.0051494314286798576;0.0032348184553563693;0.61254370693996;-0.001097243606694498;-1.8139592902912175e-05;0.006875916774813602;-0.25057666673170176;0.004422638153254306;0.01419358218679002;-0.00143973070726279;-0.004079068664769117;0.00014795112945905088;0.009320323497046682;-0.005408623220174968;-0.024230769048142885;-0.006244163615642119;-0.004497106554172812;0.0033063894970390318;-0.01284900898866037;-0.00768048972492634;0.0010725263631242543;0.003793806612373954;-0.01367277730208692;0.010185596106988753;-0.0001560263443273682;0.004154119910517798;0.0016381784924307827;-0.0004242568235680735;-0.014323276840857367;0.002431848774834593;0.0009328531656685394;Modalidade[LEILÃO ELETRÔNICO]
-6.664508237841814e-05;-6.829776522690465e-07;5.612741928627465e-05;-4.156520209906644e-05;3.127349595236475e-05;0.002151044932353522;0.0006220700157745506;0.0001278310672759033;0.0006636116776154908;-0.00011311321015200722;0.0002990008085676784;-0.001642025004128842;0.00048736319361103296;-2.6711900051793766e-06;-0.0005669187047869514;0.0008918112119143146;0.001356785432150814;-0.0031532292173216594;0.0004606390067648274;0.00035343219580539586;0.001064458542425509;6.188922493862204e-05;0.0004254217162108962;0.0003044884354978419;-0.0021576560988769227;-0.002232457309461693;0.0004283412855635211;0.0005425978339611711;-0.07906610785589419;-0.0003514008117077781;-0.0008561422345854627;0.0014216817755626204;0.0012507831853437877;-0.001097243606694503;0.07771081522742933;0.00023925920361095364;-0.00038258479082428545;-0.00029319449111407935;0.0008554420983686833;0.0011327305311922822;0.001828747171823104;-0.00012726116235759407;0.002029134888551208;-0.0005486638745557689;0.0011038634759062494;-0.0004633253947089127;-0.0009072313107690058;-0.003025337786913135;-0.0016437054853422966;0.00035957757859430287;0.0004628423067290898;-0.00014075171739333584;-8.803524651376591e-05;-0.0012339647781571886;0.00043997645875599117;-2.6824505979503964e-05;0.000793089709311207;-0.008094439565393559;-0.0043275829655383775;-0.0011671893401387046;0.0009850509750282009;-0.00033790869541199507;Modalidade[LICITAÇÃO 13.303]
-0.0006967921650545923;-4.4110022764329704e-05;-9.262501413580519e-05;6.803908321754229e-05;-0.00016897338197192625;-0.002736793896625051;0.004677663225225664;0.0004096033203286596;-0.0025194218680579567;0.004300518984648848;-0.0035525213707908354;-0.3440069199596717;-0.0013202464025752019;-1.837891747781289e-05;-0.0020786405693322923;-0.0013047462553148093;-0.0011306809717947794;-0.00021836427289610382;0.0003492482672684457;7.697578086949026e-05;-0.001114434938447278;-0.029553430316240248;-0.0014124880045151532;0.0008562844926367436;-0.0015068110375991725;-0.0012751888884578672;-0.0014592685678797958;-0.0009873815687411272;-0.0011130174741775186;-0.000285370743049424;0.02005402932217561;0.0020673943209020347;0.0006942463809853908;-1.8139592902878636e-05;0.0002392592036109556;0.3458005483367904;-0.0011197879738564752;-0.003997381576542014;-0.01785509311813967;-0.030874946231384884;7.027516641593848e-05;-0.0013037940287746348;-0.0009253458915201003;-0.0047608672389616346;-0.004069459559966955;0.005707368399725486;0.003176119818360264;0.003958234566636691;0.0009371059021261617;0.0020240490447467206;0.0002539760708488882;0.00029571797025283204;-0.000439697100539375;0.002069958225688971;-0.0008267283286473531;-5.5340371949965906e-05;-0.0002737543600458121;0.00029279905413070556;0.0005438751983571278;0.0009889930464753078;0.0005446614088000718;0.00033303099502683274;Modalidade[SELEÇÃO PÚBLICA]
9.539927074260462e-05;-0.00032882134861350246;-0.0004769507836216968;0.00040807712599680074;0.00018367925195836624;0.0003897937810434649;0.0004410229903137567;0.0017948309111346936;0.0016084771074417973;0.0009314181043911671;0.0016996867747025993;0.0015005753387023924;0.0010930930457546779;0.00033418074411628086;0.003987945835736707;0.0008717449378299603;0.0009146500601155811;0.0006581722769513906;0.0012609523252262033;0.0015361028182584492;0.0010913268734758735;0.0013237676556210924;0.0002040961226811232;0.000348794964699917;0.0024393437888162073;0.001019744529893453;0.0005330326345394428;-4.7309739466428476e-05;0.004380008715381517;-0.0008334585890762697;0.0003534556148427896;0.0010900098554051916;0.00206176130624216;0.006875916774813571;-0.0003825847908242852;-0.0011197879738564698;0.0452046789910145;0.0012028971155510135;-0.000179848878649266;0.0033213320497395035;0.0005913266264419859;-0.0007020549460936244;0.0020772260689863203;-0.0007945887652613721;-0.000767747712750332;-0.002194532028111638;-0.002947722266147097;-0.0022137431440186765;-0.0009984451588082976;-0.0019418718487924803;2.988520788201708e-05;-9.917254530052624e-05;0.0003615595775953686;-0.0006695501138798176;8.893094078828003e-05;0.0001231685943629236;0.0011756916883056473;-0.020954781828962567;-0.01023345384881087;-0.0019644559451616516;0.0003197691757467094;-9.341561167989562e-05;TipoDisputa[MAIOR DESCONTO]
0.0004860984461437237;-5.8395412931943885e-06;-2.0407342818975596e-05;1.0172044291204414e-05;0.00037116152821007497;-0.0011822479319334696;0.0012821395976841544;-0.0021627676575167753;-0.003477407377641018;0.00020038949520796218;-0.0025940715374341847;0.004794118990432929;7.85504848443863e-05;-0.00023165020589519685;0.0007175021041098644;-0.0010948885886501605;-0.00166079338138901;0.00013733884481782047;-0.0002173408575846773;-0.0015083214046946118;-0.0006230709416966098;-0.00199844456914619;-0.001508143992004967;5.4168943157442236e-05;0.0032962286067176436;0.0005042630127392124;0.000225823662310678;-0.0031911813544121554;0.002451463094094899;-0.000953365354155835;-0.022995649691167984;0.002744009822302041;0.0005759870094474907;-0.2505766667317074;-0.0002931944911140818;-0.0039973815765420515;0.001202897115550999;0.25929714577430213;0.026024976636656396;0.022530566662869043;-9.508593094717867e-05;-0.0017282596074923982;-0.002173418540674293;1.2211553331726921e-05;-0.0037084296633467873;9.439171647582596e-05;0.00136076236785075;0.004144575646694371;0.00149361816297717;0.004117760764310054;-0.0010670901886390518;0.0004851787797500656;0.0002550001497124074;0.0019712579779219905;-0.0006993552045914881;0.0003713776749565838;-0.0001707099106295257;0.003897454088698537;0.0017579975489417049;-0.0033141927236277568;-0.0009619093655117227;0.0006670586800673673;TipoDisputa[MAIOR LANCE]
0.007268812472256121;0.0010609133777240822;0.0009982164999833595;-0.0007615394135347442;0.0031825921870286835;-0.0018713961724484904;0.0034449118815693958;-0.015586443624586773;-0.00171917936959001;-0.00413637835961836;-0.007399607159819733;0.012530528601900744;0.003769542192193994;0.0011696952133234434;-0.009406216856626164;-0.0072542466177090165;-0.0036001008232953843;-0.00045006771714497634;-0.0036197161988172017;-0.007337244134827385;-0.0055704342713442075;-0.009930009223986814;-0.0033842222294620107;0.014861168684897194;-0.001952544824163892;-0.00456529758068761;0.004843424591749066;-0.00489964357926389;-0.00192964310169084;-0.008710642722598225;-0.19018357696599625;0.04313424572881804;0.00538396412872052;0.004422638153254678;0.000855442098368683;-0.017855093118139678;-0.00017984887864926454;0.02602497663665613;0.8040542640520414;0.19955516157581113;0.004000102947604204;-0.04042191781709443;-0.009146256269518857;0.006402537474963741;0.008826111483312372;-0.013088000571464156;-0.003400469920949324;0.00902588394812975;0.0033411550906320988;0.0076925631456110435;-0.0076895445279355394;0.0010835033328639842;0.0012722882468158437;0.0023132735651300814;-0.004112324606151662;0.0014617902160147878;0.00027822918743617027;0.02636239192134;0.007205951666678023;0.008007394661108528;-0.0005410562999294456;1.0990931160664205e-05;TipoDisputa[MELHOR TÉCNICA]
0.006757110012538937;0.0004563036539140485;-0.00020015500094658782;0.000215661647607671;0.002945242962200011;-0.0016280183971451503;0.003320117584440429;-0.008662366122451755;-0.0005311005290103768;-0.0026935614294359904;0.0010070597936099825;0.026793762327864803;0.005130545588995562;0.0013724648135233957;-0.0064612875366217605;-0.003067621905321571;-0.0011932434920358084;0.0007422417059714269;-0.0010464538731722367;-0.0033588817719632214;-0.0037181610902754206;-0.00124847986076851;-0.0010683287200388295;0.013690294361817647;0.0048215220143535825;-0.0024638073076283166;0.005062116605166945;-0.00204485632457859;0.00628174634003119;-0.0068323934179663265;-0.15872445199553578;0.04114166859647641;0.008154878618737796;0.014193582186789214;0.0011327305311922807;-0.030874946231384915;0.0033213320497395117;0.02253056666286979;0.19955516157581124;0.3684762129559037;0.004039719253535664;-0.03929337670558429;-0.004083811858107915;0.003963637875554353;0.004443264242302639;-0.01616423714203168;-0.010074590093709136;0.0050373173891779645;0.00018161394572984002;0.005006283264197938;-0.006379792953824576;0.00038877416343792524;0.002051641364077651;0.0011853315804115309;-0.001397908922960541;0.000539124535616905;0.0013881141287163813;-0.01501589066626547;-0.012541210753650974;0.00322560287049737;-0.0004928336293669615;-0.0005167703132378642;TipoDisputa[MELHOR TÉCNICA E PREÇO]
-0.0003360040953945027;-4.4187842922666056e-05;0.00012795893161571769;-8.706090461222394e-05;0.0001099496667205725;-0.0002816133199919812;0.0020291449924326236;-0.0007622563113047427;0.0024160138780560353;-0.001676251989834964;0.0008455415761278254;-0.0037926057268021576;-8.555491260340494e-05;0.00023981367700552327;-0.0015704855835580343;0.0008500224094065433;0.0017230698873947757;-0.0004011818555317422;0.0010466940034420677;-5.759698205416818e-05;-0.0019189887236250873;-3.707782047753396e-06;0.0008168788948712275;0.00042265410208878535;-0.005942995741169087;-0.0006441268094309333;0.0003127347512897294;0.0008196516431270617;-0.005765505621834952;7.274757637240793e-05;-0.0034770697730357666;0.0007792816505681629;0.0016422812240889694;-0.001439730707262782;0.0018287471718231043;7.027516641593159e-05;0.000591326626441984;-9.508593094716403e-05;0.004000102947604203;0.004039719253535665;0.004623468527716477;-0.0001390176919693041;0.0025292756062812363;-0.00029028987687953686;0.0035763388441870255;-0.0013390772410678243;-0.001363250200223856;-0.003298656683567886;-0.0014950338707843916;-0.0038660178372721225;5.098362089093319e-05;-0.00027186984090423475;-0.0001875645523932379;-0.004198392941077889;-0.00015322320782982672;-0.00010535796832882519;0.0007679715943380931;-0.007796441480102062;-0.00475817196107882;0.002953079798934532;0.0016900178251745782;-0.0003286387891457898;TipoEncerramento[ABERTO E FECHADO]
-0.000330953568500296;8.187776705079502e-05;0.00011489615654211547;-9.85806900620215e-05;-0.00017664423062669574;0.0009857625195644293;-0.0011769780306779823;0.00193638042628455;-0.00022619237212511236;-0.0013296219531214856;0.0012475175758796466;0.0012652991117505388;0.0008316339813875592;-2.6067657368795828e-05;-0.00017543895197285386;0.0002889382305848291;0.0008111012593835997;-0.00025247637663237054;0.0002902935754707617;0.0005334239531482885;0.000885709898285565;0.00024749652265696696;0.0004185691526397737;-0.012721232805569648;-0.0015105239784588367;-0.00032749027016735615;-0.00036774768425361696;0.0007086291718326929;-0.0006906388319809962;0.0048858532137798566;0.002067571404079201;-0.038364548840936485;-0.0053016737533352655;-0.004079068664769103;-0.00012726116235759404;-0.0013037940287746333;-0.0007020549460936241;-0.0017282596074924025;-0.040421917817094435;-0.03929337670558428;-0.00013901769196930397;0.03812396160559052;0.0018001717624915475;-7.024906344709081e-05;0.0024710315823782496;-0.0005514613192320648;-0.0004929754583729756;-0.0010336787416908933;0.00024758159568851433;-0.000500740147956088;0.0005628620424755438;0.00023135526662565294;0.00044970132248544606;-0.0008625014618588595;0.0009982075157567501;0.00034162021809154623;-0.0004591588222787498;0.0016966932365192337;0.001034246394583668;0.00021146046335625819;0.00014408572028606488;0.00019689028252190533;TipoEncerramento[FECHADO]
-0.001126841995731255;-0.0002574780818478974;-0.00026525363326941804;0.00023501214519875037;-0.00032753041518482026;0.0014016720380457181;-0.002669816642464793;0.00472381028019919;0.006409592261590505;-0.0047627530152927235;0.0030568002632271655;-0.0015728808714508193;0.0022579745425691895;0.00035965335319050417;0.0027557954921517643;0.002919952392557366;0.0033250189286242876;0.00046199032669817086;0.0024358671910486096;0.0027692444819520895;0.0007501372755329709;0.0054119629191737755;0.002054702101419149;-0.0024207200789797866;-0.001510188274625292;0.0023911728249761373;0.0008516952698989452;0.0028456872482795856;-0.0013082358976899424;0.0015990062954948845;0.0058060891129291395;-0.002195281275124232;0.002518991781843737;0.00014795112945896528;0.002029134888551209;-0.0009253458915201043;0.0020772260689863203;-0.002173418540674243;-0.009146256269518859;-0.004083811858107904;0.0025292756062812354;0.0018001717624915464;0.1265055634641344;0.0008402246723269092;0.004169426018601593;-0.004404126270156104;-0.006257390496724697;-0.011702895081395454;-0.0031076780565577286;-0.003766677824834076;0.0022171012698334485;-0.0007415700070421116;2.9989575548739094e-05;-0.005590542974918305;0.0033393438256693253;-0.0005519289459661414;0.0009058883741795452;-0.027236484358356367;-0.013034784505788773;-0.0011783710839224008;0.0020397111327664073;-0.00029182812448396654;TipoEncerramento[FECHADO E ABERTO]
-0.0003277766515758613;-8.934155836478225e-05;8.899880368838635e-05;-6.35100977736117e-05;-5.856701437810579e-05;6.152942033625377e-06;-0.00014271326930056518;-0.002154284608066435;0.001082356237003806;-0.00882306693515155;-0.0035632917008222562;0.0008240500525529144;-0.001021773947486624;-0.00015534576171972585;-0.0023478576137083685;-0.0005682062367696407;-0.0005129963758898117;-0.000191224907631483;-0.0003990986938005107;-0.001135891318216648;-6.820967420446546e-05;-0.002037734851742394;-0.0014878710361370259;-0.001982551308213272;0.0020891065334031475;0.000740156875680554;-8.164642969561359e-05;8.180204136514701e-05;0.0008168496057623035;-0.0003151190250453097;-0.005525727804807895;0.0001401594724249696;-0.001197193462800373;0.00932032349704682;-0.0005486638745557742;-0.0047608672389616675;-0.0007945887652613632;1.2211553331594146e-05;0.006402537474963701;0.003963637875554357;-0.00029028987687955215;-7.024906344708408e-05;0.0008402246723269097;0.01278612262651565;0.007869734707542455;-0.01007906531991969;-0.0078008593874475856;-0.0016737529623854245;0.001476294706523596;-0.0019214071575931017;-0.0003416427371532112;0.00036126397622384787;0.0003929335079199713;-0.004022203523669947;-0.0018239762516196031;0.00027555141427850535;0.0006823203863899263;0.01360967699086777;0.00709742382751564;-0.004277064128270146;-0.0009255486139642994;0.0006493185593270029;TipoLance[GLOBAL]
-0.0008684892204235099;0.00013564796151184768;0.00029437450384953227;-0.00023237786937783437;0.0005002116005326754;0.003064267407412442;-0.0020444961103891954;0.004218552689161436;0.007925217989544181;-0.007530180837790311;0.0034768861483930372;0.00029723874106246477;0.0025059005223955987;0.0022852291156775627;0.0003628989660305153;0.0037617495374243984;0.0035454778475683684;0.002302040305695076;0.0029888141917250744;0.0034432390793121053;0.0019953810227560606;0.004532786046653276;0.005781271576832526;0.001891866454998442;-0.05671857442780733;0.0008484324988301065;0.001908116130227587;0.0041973387920712;-0.027103672812859577;0.0034592402894564533;-0.010582711730875181;-0.002189948994143879;0.0011910060151147106;-0.005408623220174808;0.0011038634759062453;-0.004069459559966968;-0.0007677477127503245;-0.0037084296633469412;0.008826111483312332;0.004443264242302636;0.0035763388441870133;0.002471031582378253;0.0041694260186015885;0.007869734707542424;0.07710885734051189;-0.015032292469896763;-0.01803249853952539;-0.008899189948848123;-0.002551159722926904;-0.005526874250401366;-0.0001253787534127907;9.18809738120853e-05;0.00022924479446949697;-0.0061959922714602276;0.0006729531417905077;0.00010881058798601195;0.0016435500047073228;-0.021774579460747727;-0.015168653898884037;0.034972068854669816;-5.340318220709279e-05;0.00018301053008179584;TipoLance[KIT]
-0.002017728273782456;0.00031813410892570757;0.000541209212516278;-0.00046593894223852873;-0.0009556520814434399;-0.0019767458079463698;0.0014320175552707004;-0.004956179862177385;-0.003378647018353913;0.005108959793040183;-0.004243692640535706;-0.0017454470442355122;-0.002607042542819628;-0.0010186425525310085;-0.0050394478779517285;-0.0018422900481284525;-0.0025119498489688725;-0.0016169475626604;-0.0019234093067613583;-0.0026759859304628006;-0.0002802352075053117;-0.004097332647939287;-0.002912925671241531;-0.00018984959198453858;-0.0035674449097576333;-0.0014124554966943822;-0.0020644205109440314;-0.0017840211858030097;-0.00934569078642471;-0.0017505123820987908;0.014909075659519457;0.000563428739968463;-0.003166048026258463;-0.024230769048143287;-0.00046332539470890814;0.005707368399725499;-0.002194532028111647;9.439171647617565e-05;-0.013088000571464154;-0.016164237142031666;-0.001339077241067807;-0.000551461319232068;-0.004404126270156089;-0.010079065319919646;-0.015032292469896751;0.02180101697803409;0.01977841012600855;0.005338036239954182;0.002357343731272336;0.0020085869262400943;0.0014946087665298803;0.00026783544972308425;-0.001865985056733814;0.004230429684933796;-0.0003143161366623109;0.00036888549291284314;-0.0021446901109769406;0.034440245959882064;0.01842462224487731;0.0010642182436877811;0.0012105856996420224;0.000712358100311778;tipo_lote_calc[Lote global]
-0.000459559249910999;0.0005825941357859212;0.0010192634111519396;-0.0008445783705994292;-0.0005905667101007932;-0.00174887483045736;-0.00016392083193927275;-0.008462517201834751;-0.003500023223961437;-0.001052667239153528;-0.013208403617645213;-0.0006705301954767325;-0.0048566808027818605;-0.002053743949904671;-0.008195141955314365;-0.004073989210881159;-0.004014623742717853;-0.002698012161724809;-0.004531318354441122;-0.004605141704739039;-0.0035182529613387806;-0.006728585805134254;-0.0055219694231291565;-0.001435775111185933;0.0024382839101890733;-0.001845922780721727;-0.003425162282190664;-0.003409263416609025;-0.008342204660040275;-0.002231523368117327;0.006396762928634975;0.0006661987593051422;-0.00450797441651095;-0.006244163615642286;-0.0009072313107689994;0.003176119818360309;-0.0029477222661471033;0.0013607623678508244;-0.0034004699209493074;-0.010074590093709146;-0.0013632502002238372;-0.0004929754583729799;-0.006257390496724684;-0.007800859387447598;-0.018032498539525436;0.019778410126008616;0.03556173009156298;0.004860108275319303;0.005102376226711427;0.001498113167539243;0.000122976218119682;0.0008495490396118162;-0.0026365801148628227;-0.00012884676273108915;-2.2315720183839e-05;0.0009528770284592373;-0.002230570305899778;0.07567971688154257;0.038849490634691966;-0.002273912924474404;0.0020299310603777913;0.0008875080686747537;tipo_lote_calc[Lote global/kit]
-0.0005031686681043613;0.0002877393870146358;-0.0002245389748799087;0.00014478850403084912;0.00014128133272218882;-0.0015109879817505505;-0.0006327172710865011;-0.0022230540820625273;-0.017053564330055695;0.01005537555968893;-0.0018401775862950582;0.0005554988534085366;-0.0026289047756791807;0.0004569886281614499;-0.000893162212701904;-0.0052436588929347435;-0.006247325866659654;-2.9754623658681654e-05;-0.0008579036340701246;-0.0012907889771676482;-0.0009454083426953751;-0.0016763924416472674;-0.00582526033265941;0.0005725513337800809;0.007082893428764118;0.0013454716435936235;-4.080698341249122e-06;-0.0035442315887322475;0.0057685531292535576;-0.0006129563126556758;-0.004960805506659712;0.00274845955233942;-0.0019479810288713056;-0.004497106554172826;-0.003025337786913135;0.003958234566636672;-0.002213743144018678;0.004144575646694375;0.009025883948129748;0.005037317389177959;-0.0032986566835678855;-0.001033678741690892;-0.01170289508139545;-0.0016737529623853888;-0.008899189948848089;0.0053380362399541356;0.004860108275319262;0.034693712686562274;0.005006574808859438;0.0051216986414913445;-0.0020394747336921135;0.0013113960504218317;-0.0018062056507913414;0.011148538234739531;-0.005948101094624998;0.0010597908951067582;-0.0037724489023682347;0.0132430586979854;0.006429248340695001;-0.001959738715532517;-0.00366612761785044;0.0011269740851086942;grupo_exclusividade_regionalidade[ME_EPP_E_REGIONAL_LOCAL]
-9.717465265920453e-05;0.00024092517247248946;0.0003680633516200489;-0.0002981077151365734;-7.707202709503469e-06;-0.0010309178783347614;0.0004230879634894282;-0.003113714767931389;-0.002459495665696989;-0.0026200281456640355;-0.003499178954182139;-4.3700858648282e-05;-0.0027121153984760817;-0.0006570114645296479;-0.003137904623546982;-0.00280185172538859;-0.0038629039943357097;-0.0008641627352178471;-0.0015296957951140616;-0.0023964738675520624;-0.0026359302584463744;-0.002878689876019615;-0.0037887200998718315;-0.001000007286271661;0.0014615986767312467;-0.00040206360174021915;-0.0014194791732564287;-0.002719025548453596;0.0003183337475714268;-0.0010780498177941041;-0.0015819989478389536;0.000509113351264147;-0.00230382041396205;0.003306389497039017;-0.0016437054853422964;0.0009371059021261664;-0.0009984451588082967;0.0014936181629771857;0.0033411550906321023;0.0001816139457298343;-0.0014950338707843919;0.0002475815956885137;-0.003107678056557729;0.0014762947065235857;-0.0025511597229269114;0.0023573437312723513;0.005102376226711442;0.005006574808859434;0.0051498969329463505;0.002954709833218267;-0.0010257737822784532;0.0009868843236790908;-0.00010095622536199611;-7.11739870100266e-05;-0.0012765508901316127;0.000649098744075028;-0.0010051744213398143;0.03343708459729021;0.01731387925523252;-0.00253886944114618;-0.0006424113523671309;0.0014816452914637032;grupo_exclusividade_regionalidade[SOMENTE_ME_EPP]
-0.00010144987739253146;0.00016147735581424844;-0.00019383700988515447;8.726013098415503e-05;0.0002010208504925826;0.0006619000457599687;-0.0032582827085579974;0.0008903801312045231;-0.0637181405377659;0.010503566846776613;0.0015672775011892066;0.0031143015229484583;0.0001342012947279004;-0.0011809842202718046;0.0025022351747741784;-0.003957000402027659;-0.0043775519280722834;-0.0018394838506303295;-0.00027786629133841437;0.00011975494961562868;-0.0005864494337481003;0.001264165735161267;-0.0018819158297158063;0.0008303127660179513;0.007186041181956282;0.002234216076866676;0.0005243100009153024;-0.011885417247450372;0.005011562886749023;-0.031223568173362675;-0.004924139894769185;0.0035094750930962136;-0.0011829683066572228;-0.012849008988660376;0.0003595775785943022;0.002024049044746719;-0.0019418718487924805;0.004117760764310045;0.00769256314561105;0.005006283264197938;-0.003866017837272124;-0.0005007401479560872;-0.0037666778248340764;-0.0019214071575930941;-0.005526874250401367;0.00200858692624009;0.0014981131675392415;0.0051216986414913375;0.002954709833218268;0.12304348344830396;-0.002201469682800899;0.0008574715731994861;-0.00128287887362204;0.020745144111534056;-0.004566346301493048;0.0006565984218497927;-0.0013849062730504145;0.0045732996873426475;0.0048213108446292195;-0.0028299042799899148;-0.005792782832868685;0.0005805807378310117;grupo_exclusividade_regionalidade[SOMENTE_REGIONAL_LOCAL]
-0.001347430763361129;-3.427850150420355e-05;-3.079646161797147e-05;1.9362660954360208e-05;-0.0005112423210336731;0.0007864221482561389;-0.0014267438532414303;0.002252787376687793;0.0012710741710556315;0.00012001284581192715;0.00014305179833177154;-0.0003118363539225658;0.0005516100609141512;-5.524971904976203e-05;0.00023354787069616666;0.0004087226770680134;0.0028575004117132627;-4.427584308652041e-05;0.0009480752365501136;0.0011375492735316707;0.0002641874341669823;0.002296867180829099;0.0007069346972439451;2.511777465416804e-05;-0.0004613129828407163;0.0006433382266148129;1.3770236111448308e-05;0.00027541713256117126;-0.0016423976779004427;-0.002326808442653991;0.006690994275671831;-0.0007926389091449692;-8.811816161051769e-05;-0.007680489724926431;0.0004628423067290891;0.00025397607084888985;2.9885207882017826e-05;-0.00106709018863903;-0.007689544527935539;-0.006379792953824581;5.0983620890932855e-05;0.0005628620424755439;0.002217101269833448;-0.00034164273715321495;-0.00012537875341279314;0.00149460876652989;0.00012297621811968858;-0.0020394747336921135;-0.001025773782278453;-0.002201469682800898;0.2265445446891785;-0.0003174516427856514;-0.00022912210456746437;-0.0002952014824924268;0.0002944080477117442;-0.0003919663928470078;0.0003666156710647804;-0.0068538615690432085;-0.0029867320066477693;4.541394316104612e-05;0.000493710838207891;-0.00025861008639260584;familia_textual_ml[FAMILIAS_RARAS_MENOS_100]
-0.00041344539852548786;6.36696172581827e-05;0.0001019046353933276;-7.688622379342237e-05;-9.63105571593777e-06;0.00034285570302215165;-0.00042842119820869995;-5.517074129409536e-05;-0.00048725046531435177;-0.001541282758941362;-0.001460042152334933;0.00015424029156537944;-0.00014695621509931204;0.0002485921204843422;-0.00034415268317066557;-0.000503133812407655;-0.00032974940166009234;3.762321205957578e-05;5.895609768112947e-05;-0.0007338027841148828;-0.0008604738241435852;4.297400262157579e-05;-0.0005446241674188296;9.001167170870598e-05;0.0011823498237793892;0.00017956567034943768;-0.00036429347135447684;-9.619045536223036e-05;7.119641616569938e-05;-3.0517660922373714e-05;-0.0006114598752035849;0.0002262694596877733;-0.0002377828122878292;0.0010725263631242389;-0.00014075171739333625;0.0002957179702528268;-9.917254530052678e-05;0.0004851787797501015;0.0010835033328639887;0.0003887741634379244;-0.0002718698409042348;0.00023135526662565285;-0.0007415700070421112;0.0003612639762238619;9.188097381209679e-05;0.00026783544972307254;0.0008495490396118038;0.0013113960504218323;0.0009868843236790904;0.0008574715731994863;-0.0003174516427856505;0.006875834499839894;-0.0003034042943830437;-0.0004514500654349388;0.00039511868823576706;0.002647647510440719;-6.513643142010872e-05;0.005729552844302977;0.0027180265323682755;-0.00013030026985815074;0.00012463429172654633;0.0015967403506088333;familia_textual_ml[FAMILIA_02]
0.0001396080410192485;-0.0001257320994061986;-0.00013106691457410825;9.471218275153271e-05;-1.1281809159856327e-05;0.0007342144352385532;-0.0005269952822841104;0.001378974854112529;0.0006683291651360033;-0.0016357066767643468;-0.0008273238278146059;0.0005053236350545044;0.0004546363121427888;-0.00043117273530708444;0.001763558188176562;-0.00015221851905887124;5.315157839279034e-05;-0.0005006998195832695;0.00036572989208363024;-6.491779797144172e-05;-0.00011856048045005834;0.0007525200055396406;0.0011121746436532408;-0.00025397435350263755;0.0016243542962065922;0.00023450543549837294;-0.0004302146664593064;-0.0011610764478993672;0.002086319207891785;0.0005126140811757359;-0.00187141552871285;2.2508323408588814e-05;0.00041724020516833895;0.0037938066123739483;-8.80352465137662e-05;-0.0004396971005393753;0.0003615595775953676;0.00025500014971239143;0.001272288246815845;0.0020516413640776507;-0.00018756455239323736;0.0004497013224854464;2.998957554873897e-05;0.0003929335079199704;0.00022924479446949784;-0.00186598505673382;-0.0026365801148628227;-0.0018062056507913437;-0.00010095622536199451;-0.0012828788736220405;-0.00022912210456746336;-0.00030340429438304356;0.05964872859792077;-0.0008635213295280316;-2.596024181784225e-05;-0.0005067998832193216;-0.00029897586773588;-0.012500873640066043;-0.005569751144680712;-0.004639841230352159;-0.0005175265722262158;-0.00018585486306529268;familia_textual_ml[FAMILIA_05]
-0.00011835764274328826;8.785605412440565e-05;-0.0005906061689245279;0.0004105588556692472;0.00011418224725246506;-0.0001054998212811062;-0.003005342776788443;0.0012657081432779417;-0.013574331909871597;0.017616173012730066;0.005825130120605493;0.0039278675398669765;0.0012079771268171972;0.0005279885989650098;0.0034641109345138715;-0.0012814106970250316;0.001400860711269383;0.001459185200827098;-0.0003882539050387311;0.0007798945420447326;0.0026166683016398463;0.0017689619396438986;-0.0002338250614438933;0.0014685602068519698;0.006441082258785759;0.0026170185347063088;0.0013647739089235526;-0.0021081782449754514;0.006264037584378049;-0.0037669919650298576;-0.0014573619110334448;0.0007920522846535066;-0.0009040553831443674;-0.013672777302086856;-0.0012339647781571881;0.002069958225688979;-0.0006695501138798179;0.001971257977921944;0.0023132735651300775;0.0011853315804115272;-0.00419839294107789;-0.00086250146185886;-0.00559054297491831;-0.004022203523669971;-0.006195992271460244;0.004230429684933815;-0.0001288467627310686;0.01114853823473953;-7.117398701002508e-05;0.020745144111534067;-0.00029520148249242745;-0.00045145006543493785;-0.0008635213295280335;0.09280964782190952;-0.005699754178263368;-0.0003184820875342075;-0.0007759548024890025;-0.013972660753041943;-0.005897544419241636;-0.0017976301641809088;-0.004173958817515849;-0.000760784535192374;familia_textual_ml[FAMILIA_07]
0.0002720810918250372;0.00011872115766642202;2.155917014845791e-05;-1.8827842334977588e-05;-9.937605619173524e-06;0.00046284840192271936;0.0008506103290929277;0.0020197554166307067;0.004490913900858243;-0.01073891744828376;0.0022460640683226135;0.0011763713248749187;0.0009603281342516826;0.0001688302569891092;-0.000156695545795635;0.003956046990125458;0.0012761169770048979;0.0003349251386681819;0.000447913489822239;0.0008051409146997864;0.0019182546363595604;0.00016356079054587796;0.0015657829994021966;0.0005303345948589691;-0.0005298856077138067;-0.0020123897335786655;-0.0005545998169535996;0.0015200108950900156;4.934372556063683e-05;0.0012381391714804868;0.0012279733339814406;-0.0018758059158869658;0.000797154949425031;0.010185596106988697;0.00043997645875599426;-0.0008267283286473294;8.893094078827471e-05;-0.0006993552045913589;-0.004112324606151639;-0.0013979089229605563;-0.000153223207829812;0.0009982075157567486;0.0033393438256693266;-0.0018239762516195975;0.0006729531417904937;-0.0003143161366622812;-2.2315720183860602e-05;-0.005948101094624967;-0.0012765508901316142;-0.004566346301493048;0.00029440804771174153;0.00039511868823577644;-2.596024181784141e-05;-0.005699754178263375;0.07101319438143584;0.0010925235877832279;0.0005579123922307133;-0.006276646344727204;-0.003675131271806785;0.00356543768483784;-0.00035054301029097183;0.00028861645715361927;familia_textual_ml[FAMILIA_09]
-0.0003437605334908486;6.377433497205922e-05;0.00023836316585302376;-0.00019283096856636408;-1.8488677013382824e-05;8.876957436335721e-05;-0.0012947802287964463;-0.00018606641995010264;0.00017383042992230826;-0.0007856541943903158;-0.0017111379371241339;0.00028406465343855624;-0.00021969732719992637;-0.00017885643313837824;-0.0003663254406795902;5.804395769600729e-05;0.002177049703885527;3.69840220965916e-05;0.0008818610368125871;-0.0008313104640600976;-0.0006275387606764783;0.00047039796263236656;-0.0004094869731562184;0.0001613007660068854;-8.985028783568836e-05;0.0011382626560749846;0.0002787118226592322;-0.0005193713922257335;-0.00041756681195762415;-0.00015904417997662112;-0.0012546562456059729;-8.712468885520758e-05;-0.0005050499922818428;-0.00015602634432738125;-2.6824505979504232e-05;-5.534037194996338e-05;0.0001231685943629248;0.00037137767495663235;0.001461790216014788;0.0005391245356169035;-0.00010535796832882514;0.00034162021809154645;-0.0005519289459661407;0.00027555141427850106;0.00010881058798600748;0.0003688854929128529;0.0009528770284592423;0.0010597908951067577;0.0006490987440750286;0.0006565984218497926;-0.0003919663928470079;0.002647647510440719;-0.0005067998832193214;-0.00031848208753420805;0.0010925235877832287;0.009122099611772311;-0.00038482863759045177;0.0071360883633962814;0.0032438703737867865;-0.0001483609492186278;0.0001521719412564081;0.0014468748574642599;familia_textual_ml[FAMILIA_10]
-0.0003116322978114865;-0.00011734424961524658;-0.00026726651481095493;0.0002269191661963989;7.191592338988134e-05;0.0019270224818519171;-0.0020940092122195423;0.0010968712221207115;0.006100070078916564;-0.0013976362626154097;-0.00044660608474360184;-0.00015713059927038983;0.0006765958334417827;0.0005554083000636954;0.0019428780481622633;-0.00010017118217366744;0.0006134653875304256;0.0002210572879206376;0.0009180271204072722;0.0010001081880900815;0.0006609948679274835;0.0011502087465031876;0.00111980740224098;0.00041020204372117417;0.00012408459899748597;0.0010774387191088528;0.0009625177630641719;0.001116011468528897;0.00041653376747059236;-0.002606745022949901;0.0002295487853217155;0.0009218442621434976;0.0014254540202639546;0.004154119910517797;0.0007930897093112069;-0.00027375436004581014;0.0011756916883056481;-0.00017070991062952066;0.0002782291874361671;0.0013881141287163789;0.0007679715943380933;-0.0004591588222787501;0.0009058883741795441;0.0006823203863899161;0.0016435500047073178;-0.0021446901109769363;-0.0022305703058997694;-0.0037724489023682347;-0.0010051744213398143;-0.0013849062730504143;0.00036661567106477963;-6.513643142010992e-05;-0.0002989758677358798;-0.0007759548024890017;0.0005579123922307171;-0.0003848286375904517;0.1250986044339015;-0.010687508856466523;-0.005530633444545474;-0.0010889485312252617;-3.0968196246265195e-05;-2.4780445108524078e-05;familia_textual_ml[FAMILIA_12]
0.004490590035542466;0.0035556177361044687;0.006657513333870663;-0.0054010395591409695;-0.0010784109170766654;-0.012291158621411166;0.00738524566911164;-0.046025619899690416;-0.013997307256687038;-0.04470831016548439;-0.05103957558856133;-0.0059646801230145785;-0.029017612299667647;-0.012918293561331557;-0.05634344770431006;-0.025359152319544973;-0.023422184234423403;-0.01525881611695221;-0.027797647750346422;-0.028943178994456316;-0.024279418878320476;-0.04068175979130429;-0.03275543811671257;-0.014199397475907287;-0.01337529550430644;-0.017479243125617733;-0.01869449536407666;-0.027263493207736814;-0.036646120250762956;-0.012183959549477453;-0.013465891930522812;-0.0016787305861360423;-0.026448046476841583;0.0016381784924307254;-0.008094439565393555;0.00029279905413069743;-0.020954781828962578;0.003897454088698574;0.026362391921339993;-0.01501589066626546;-0.007796441480102066;0.0016966932365192363;-0.027236484358356364;0.013609676990867762;-0.021774579460747717;0.03444024595988208;0.07567971688154262;0.013243058697985406;0.03343708459729023;0.004573299687342647;-0.006853861569043208;0.0057295528443029806;-0.012500873640066032;-0.013972660753041934;-0.006276646344727205;0.0071360883633962875;-0.010687508856466526;0.5940546426319664;0.2727547130407296;-0.005336833708368983;0.0011473060297083517;0.0054180591932574225;familia_textual_ml[FAMILIA_14]
0.0020677159724243883;0.0017498158978669276;0.0032613987134527565;-0.0026656075410960863;-0.0008118961798467148;-0.0060238831230364385;0.002894859801746306;-0.023046656030363342;-0.0075301418805502705;-0.022431354627946928;-0.024115878818857885;-0.0031955254199801868;-0.015197075384491358;-0.00709255962042387;-0.028397545915441826;-0.013493759993751481;-0.012358360209181475;-0.008164636004276572;-0.014621716508075575;-0.014566448150724713;-0.01237991824588054;-0.020383943754637413;-0.01747743502529935;-0.007770137467625883;-0.003221159399326252;-0.008578816542864062;-0.010118999937453799;-0.01466942790615526;-0.01707530502163959;-0.006965772723357873;-0.0011211023654172099;-0.0013149356416391844;-0.013995863989806288;-0.00042425682356809276;-0.004327582965538376;0.000543875198357135;-0.010233453848810862;0.0017579975489417222;0.007205951666678017;-0.012541210753650962;-0.00475817196107882;0.0010342463945836667;-0.013034784505788783;0.007097423827515625;-0.015168653898884048;0.01842462224487734;0.03884949063469201;0.006429248340694997;0.017313879255232527;0.004821310844629223;-0.0029867320066477685;0.0027180265323682768;-0.005569751144680712;-0.005897544419241633;-0.0036751312718067567;0.0032438703737867882;-0.005530633444545482;0.27275471304072957;0.1490614423354876;-0.0065228784533745525;-3.415227672002009e-05;0.0025292602876974862;familia_textual_ml[FAMILIA_16]
0.00044371188347501326;0.0004583920078227881;0.0005680500709866678;-0.0004820220191964799;0.0004532297519444213;-0.00030816256105792425;-0.0011187707055003515;-0.00032719891459270214;0.0010135451201867519;-0.002055305989056721;0.00015604962019622514;-0.0014705370036075733;0.0010282876928406435;0.0005963422023163713;-0.002862181363618836;0.0005762416889777322;0.0020775980679830037;0.004567263038970811;0.000214230210173545;0.000565690036263271;0.0005272834282344049;0.0010699040717415697;0.003950973892937583;0.0015288537540867032;-0.034424285772466534;0.00015102772947644502;-0.0001471098066607324;0.000911104065482871;-0.017313815687235525;-0.0029403081387661496;-0.007254722854819875;-0.0015134935067235137;0.00043714297625991363;-0.014323276840857388;-0.0011671893401387036;0.0009889930464753057;-0.0019644559451616533;-0.0033141927236277377;0.008007394661108546;0.0032256028704973766;0.0029530797989345335;0.00021146046335625778;-0.0011783710839224004;-0.004277064128270141;0.034972068854669816;0.0010642182436877748;-0.002273912924474406;-0.001959738715532516;-0.0025388694411461765;-0.002829904279989914;4.541394316104676e-05;-0.00013030026985815063;-0.00463984123035216;-0.0017976301641809075;0.0035654376848378356;-0.00014836094921862866;-0.0010889485312252608;-0.005336833708368988;-0.006522878453374554;0.17192762814052395;0.0001882213424400041;-8.030323831533302e-05;familia_textual_ml[FAMILIA_17]
-0.0006489505872477194;1.2135985027540718e-05;3.253214077376662e-05;2.1151733962293328e-05;-0.0001228094341306733;0.0025430404451798486;-0.0034093541310636416;0.00013352080905366657;0.00393299596926863;0.0005080563255745012;-0.0034676335961387255;-0.0016847346104349765;-0.00010486291040377285;-6.687867308648407e-05;-3.80487805667092e-05;0.0006604800974084747;0.0002662019593759896;-0.00021646009236748378;0.0005720846583524153;-0.0028705980891844713;-0.0009679601008057316;7.778838628714614e-05;0.00027661054686838044;0.00019471930572637053;-0.002138058404578516;0.0008820940896410662;-0.00010452841032754372;0.0036665246977889677;-0.0030173155870621402;0.0006652816721838562;0.00021304686522266518;-3.3892597114836844e-05;0.00037948849274984693;0.0024318487748346087;0.0009850509750282007;0.0005446614088000756;0.0003197691757467099;-0.0009619093655117172;-0.0005410562999294482;-0.0004928336293669632;0.0016900178251745789;0.00014408572028606431;0.0020397111327664073;-0.000925548613964304;-5.340318220709781e-05;0.001210585699642027;0.0020299310603777926;-0.0036661276178504404;-0.0006424113523671308;-0.005792782832868689;0.0004937108382078911;0.00012463429172654652;-0.0005175265722262162;-0.004173958817515851;-0.0003505430102909712;0.00015217194125640769;-3.0968196246264775e-05;0.0011473060297083496;-3.41522767200222e-05;0.0001882213424400042;0.11398722431115847;0.001256371961076441;familia_textual_ml[FAMILIA_18]
-0.0008094642723952687;1.4953706485393688e-05;9.918594180044916e-05;-7.907262698681658e-05;-9.67897459553943e-05;0.00027695955221804014;-0.0006160483592104289;-5.087205904226855e-05;-0.0012978942840775466;-0.002286348238358689;-0.001230063120284722;0.00021354997066976765;-0.0005503044559472186;3.3246322191169584e-05;1.7318953644373814e-06;-0.00010899985146083171;-0.00045754031352636284;5.892943638689278e-05;0.001526645496651621;0.005583802947330779;-0.0007775104598215649;0.00023562967250665966;-0.0005493245454199877;0.000381571470510671;0.0001964222248849961;0.0008003299990337134;-0.0007675697332766226;0.00013659873532421534;5.194713626193622e-06;0.0001269818641455289;0.0005679749451151428;0.00035073967565084525;-0.00044536716359014003;0.0009328531656685493;-0.00033790869541199485;0.0003330309950268379;-9.341561167989395e-05;0.0006670586800673946;1.0990931160664508e-05;-0.0005167703132378622;-0.000328638789145788;0.00019689028252190517;-0.0002918281244839653;0.000649318559326996;0.00018301053008178833;0.0007123581003117868;0.0008875080686747556;0.0011269740851086953;0.0014816452914637025;0.0005805807378310119;-0.0002586100863926071;0.0015967403506088333;-0.00018585486306529358;-0.0007607845351923759;0.0002886164571536222;0.0014468748574642584;-2.4780445108524433e-05;0.005418059193257421;0.002529260287697486;-8.03032383153333e-05;0.0012563719610764403;0.025768909498984915;familia_textual_ml[FAMILIA_19]
